Med_HHD_Inc_Thousands_ACS__,pct_Renter_Occp_HU_ACS__,pct_Vacant_Units_ACS__,pct_Not_HS_Grad_ACS__,pct_College_ACS__,pct_NH_Blk_alone_ACS__,Pct_No_Health_Ins_CALCULATED_ACS__,Med_HHD_Inc_Thousands_ACS___Neighbor_Avg,pct_Vacant_Units_ACS___Neighbor_Avg,pct_Renter_Occp_HU_ACS___Neighbor_Avg,Cluster_1,Cluster_2,Cluster_3,Velocity_1Yr,GIDTR
65.804,91.58,13.29,6.19,50.62,15.27,9.39,101.611,5.923,44.707,0,0,1,61.6,53033000101
84.68,59.8,8.24,10.3,55.34,3.54,13.24,104.939,5.603,46.89,0,0,1,61.6,53033000102
90.083,52.28,4.29,7.82,53.98,11.94,4.69,108.745,3.313,37.75,0,0,1,61.6,53033000201
118.699,32.66,2.65,3.99,58.24,9.79,6.76,81.595,6.033,66.243,0,0,1,61.6,53033000202
118.638,25.72,6.77,7.31,62.23,2.02,3.81,82.333,4.433,53.297,0,1,0,98.9,53033000300
87.061,53.45,5.65,4.14,53.53,2.05,6.24,63.816,2.48,61.383,0,0,1,27.1,53033000402
50.438,63.92,1.08,3.39,43.97,3.24,5.7,102.665,3.443,48.493,0,1,0,98.9,53033000403
44.214,84.19,3.29,11.32,31.94,33.27,3.04,85.379,4.5,47.697,0,1,0,98.9,53033000404
176.719,7.84,1.39,2.0,75.03,3.99,3.93,87.523,4.49,50.843,0,0,1,27.1,53033000500
96.795,36.04,3.07,9.03,44.89,7.24,11.62,83.304,5.237,54.453,0,0,1,27.1,53033000602
88.899,54.87,0.52,6.27,53.12,5.94,7.57,124.575,3.453,32.343,0,0,0,21.6,53033000700
130.313,16.43,0.87,1.46,74.14,0.76,4.02,113.071,3.463,36.003,0,0,0,21.6,53033000800
132.188,17.21,8.59,1.34,81.75,4.16,1.34,157.557,4.733,14.79,0,0,0,0.0,53033000900
118.125,35.93,1.28,4.53,61.43,7.83,2.97,118.704,2.607,33.247,0,0,0,21.6,53033001000
136.9,28.44,6.43,0.41,77.08,0.43,3.3,117.459,2.153,40.82,0,0,0,21.6,53033001100
83.816,60.37,5.39,4.7,50.27,6.84,7.39,113.744,5.737,61.133,0,1,0,101.3,53033001300
125.071,35.16,6.74,1.71,65.91,0.29,6.71,144.69,6.877,46.773,0,0,1,27.1,53033001400
187.143,18.38,3.63,0.0,71.41,2.2,0.22,185.43,1.93,26.907,0,0,0,14.3,53033001500
219.583,22.16,2.08,0.88,78.0,0.52,2.65,144.551,7.3,33.997,0,0,0,14.3,53033001600
93.048,69.71,7.02,8.39,60.13,7.23,8.01,106.28,8.34,58.363,0,0,0,14.3,53033001701
121.44,48.45,11.53,4.84,58.4,4.08,3.25,115.429,5.75,45.027,0,0,0,14.3,53033001702
113.583,66.27,8.1,2.2,67.81,1.77,3.47,129.317,4.573,51.497,0,1,0,101.3,53033001800
134.602,47.42,2.09,1.79,70.52,4.11,1.32,156.674,4.69,40.78,0,1,0,101.3,53033001900
145.352,31.66,4.66,0.0,65.12,1.91,1.08,137.748,3.827,37.247,0,0,0,19.7,53033002000
141.743,35.88,2.96,1.92,68.71,2.33,3.84,142.808,3.107,31.94,0,0,0,19.7,53033002100
165.75,19.34,4.48,0.16,78.03,0.54,0.49,163.952,4.497,23.03,0,0,0,0.0,53033002200
164.948,28.23,3.38,1.26,77.82,0.22,0.0,161.367,2.83,32.09,0,0,0,19.7,53033002400
152.451,31.76,1.94,1.12,77.28,0.0,3.65,160.918,5.677,36.92,0,0,0,19.7,53033002500
180.875,41.67,8.62,1.1,81.35,0.42,3.9,128.101,2.827,53.677,0,0,0,20.2,53033002600
211.088,24.41,1.31,1.3,80.28,0.03,4.23,112.664,4.783,65.267,0,1,0,101.3,53033002700
145.438,42.63,7.59,0.9,74.76,4.86,2.78,111.599,6.203,55.397,0,0,0,17.3,53033002800
128.167,30.21,3.49,1.5,73.34,0.09,1.26,152.852,5.087,35.18,0,0,0,17.3,53033002900
157.668,35.36,2.07,0.94,74.41,1.55,2.36,139.415,3.233,49.427,0,0,0,19.8,53033003000
179.039,23.2,1.64,0.43,74.83,0.7,1.71,156.003,2.763,35.09,0,0,0,14.3,53033003100
121.062,61.22,1.7,2.99,66.56,1.11,1.07,157.06,2.147,37.387,0,0,0,19.8,53033003201
159.803,25.67,2.96,2.37,73.56,0.0,1.58,144.147,1.727,49.237,0,0,0,19.8,53033003202
132.339,63.29,1.84,0.03,75.46,0.02,0.83,149.459,6.08,45.75,0,0,0,19.8,53033003301
157.74,54.78,4.37,0.82,72.52,1.47,0.71,139.541,6.117,49.213,0,0,0,19.8,53033003302
155.45,27.55,5.6,1.2,76.11,1.3,4.13,137.611,6.143,42.56,0,0,0,19.8,53033003400
126.927,42.69,10.57,0.34,78.68,0.84,2.65,142.798,4.523,43.527,0,0,0,17.3,53033003500
117.672,52.72,6.43,1.55,78.28,1.37,3.82,128.762,4.89,55.797,0,0,0,20.2,53033003601
89.808,82.11,4.16,0.0,84.21,3.21,1.29,169.878,5.453,39.6,0,0,0,20.2,53033003602
136.932,40.86,5.03,0.12,83.5,3.01,1.91,170.706,2.28,27.88,0,0,0,19.7,53033003800
194.719,23.65,1.52,3.1,87.13,0.0,1.99,159.377,3.87,32.98,0,0,0,19.7,53033003900
160.184,25.98,5.35,3.83,77.06,1.74,0.32,175.223,3.787,38.423,0,0,0,20.4,53033004000
250.001,11.62,4.15,0.0,95.4,1.06,0.84,177.481,3.543,29.667,0,0,0,20.4,53033004101
196.728,32.46,2.22,0.35,85.99,0.24,2.39,195.478,4.233,22.483,0,0,0,20.4,53033004102
176.25,29.85,3.2,2.92,81.25,0.0,0.87,163.705,3.92,30.4,0,0,0,20.4,53033004201
159.464,26.69,5.21,0.81,85.26,0.0,1.3,105.22,9.563,59.727,0,0,0,20.2,53033004202
95.938,55.31,11.64,0.85,80.38,3.04,5.09,114.994,7.147,55.957,0,0,0,20.2,53033004301
43.472,94.02,13.85,1.2,56.76,3.18,10.68,59.335,8.54,83.35,0,0,0,12.7,53033004302
142.045,47.16,2.38,1.89,75.26,2.49,3.5,66.254,11.333,80.43,0,0,0,20.2,53033004401
59.351,91.96,8.51,0.64,78.97,3.26,6.67,109.957,7.18,62.53,0,0,0,20.2,53033004402
143.75,45.69,5.18,1.16,80.01,1.17,5.03,73.7,9.64,79.807,0,0,0,20.2,53033004500
152.727,39.59,5.33,1.79,80.63,0.25,2.15,129.45,7.393,47.033,0,0,0,17.3,53033004600
101.516,73.49,6.68,3.06,75.12,1.15,8.53,139.841,4.25,63.807,0,0,0,13.7,53033004701
130.833,56.8,10.91,0.16,86.93,0.0,0.83,130.532,4.297,63.853,0,0,0,19.8,53033004702
156.35,71.33,0.0,1.56,77.29,0.32,1.55,130.388,8.157,57.943,0,0,0,13.7,53033004703
158.816,43.54,6.88,0.6,77.1,1.25,1.62,142.355,2.147,62.47,0,0,0,21.3,53033004800
120.216,63.44,2.64,1.53,76.19,1.45,5.56,131.012,7.083,63.033,0,0,0,21.3,53033004901
118.46,68.59,7.32,1.51,85.6,3.06,3.0,121.579,5.407,65.223,0,0,0,21.3,53033004902
115.761,76.97,7.05,5.28,76.98,6.04,8.39,128.847,5.943,58.953,0,0,0,21.3,53033005000
154.722,38.34,6.63,2.85,78.7,1.08,3.64,104.625,6.73,73.757,0,0,0,12.7,53033005100
86.51,69.22,4.58,0.86,69.52,5.6,5.27,74.152,17.073,77.993,0,0,0,12.7,53033005201
44.532,96.41,21.68,3.0,72.26,3.2,5.24,43.029,13.377,89.483,0,0,0,12.7,53033005202
19.375,100.0,12.64,6.33,65.82,2.91,5.82,37.27,19.523,96.793,0,0,0,12.7,53033005304
23.201,99.23,22.91,5.35,59.7,9.08,15.92,35.995,16.1,97.05,0,0,0,12.7,53033005305
44.077,94.74,13.98,2.54,60.25,8.49,3.59,40.18,10.473,97.063,0,0,0,20.2,53033005306
37.989,100.0,0.0,0.0,74.59,4.36,4.23,36.917,16.913,95.997,0,0,0,20.2,53033005307
135.881,67.6,7.53,0.42,90.61,2.37,2.43,120.993,6.967,66.94,0,0,0,0.0,53033005401
111.603,75.08,8.56,0.0,82.32,0.79,3.24,123.367,7.3,71.053,0,0,0,21.3,53033005402
208.643,11.18,4.99,0.0,75.73,1.0,0.78,150.005,6.913,52.647,0,0,0,15.4,53033005600
177.654,32.29,7.27,1.66,74.16,0.22,3.46,136.921,4.287,51.667,0,0,0,15.4,53033005700
129.898,68.11,8.2,0.0,74.6,2.26,1.77,131.493,5.25,61.223,0,0,0,13.7,53033005801
142.463,57.54,5.27,2.88,74.4,3.26,3.35,143.571,6.877,50.303,0,0,0,15.4,53033005803
92.171,71.62,7.44,1.88,62.87,1.27,9.51,127.896,8.723,54.413,0,0,1,32.7,53033005804
150.5,52.64,3.8,0.0,76.7,2.17,2.61,151.747,6.017,47.953,0,0,0,13.7,53033005901
177.964,31.73,3.85,1.08,77.44,1.9,0.93,151.94,5.833,50.233,0,0,0,13.7,53033005902
132.917,57.15,5.02,2.03,71.16,2.96,5.98,132.517,3.637,54.84,0,0,0,0.0,53033006000
134.974,52.95,9.95,0.29,84.98,1.85,1.46,66.596,13.95,88.003,0,0,0,0.0,53033006100
238.571,7.17,0.6,1.18,83.93,2.0,0.0,126.809,2.37,57.063,0,0,0,0.0,53033006200
165.125,41.6,8.9,0.82,87.73,0.74,0.54,223.732,1.743,11.01,0,0,0,0.0,53033006300
182.625,14.24,0.48,0.47,86.55,0.93,0.64,122.441,5.06,67.03,0,0,1,48.9,53033006400
161.926,56.95,6.63,1.44,81.81,0.4,3.36,104.129,6.427,83.23,0,0,0,0.0,53033006500
134.393,79.29,8.83,0.72,83.58,3.53,0.8,138.698,6.98,77.637,0,1,0,66.6,53033006600
154.926,95.37,13.53,0.0,92.13,0.63,0.0,127.52,7.78,64.05,0,1,0,66.6,53033006701
129.39,75.19,14.51,0.69,81.08,4.89,0.23,126.348,9.207,85.79,0,1,0,49.8,53033006702
118.777,37.67,0.0,0.8,68.68,1.43,3.82,148.21,10.543,76.273,0,0,0,0.0,53033006703
160.313,58.26,3.59,0.77,81.39,3.23,0.31,125.378,5.313,49.973,0,0,0,0.0,53033006800
172.404,40.91,8.68,1.48,75.65,0.89,4.3,107.102,7.75,64.89,0,0,1,32.7,53033006900
68.821,64.79,12.22,0.54,65.09,3.89,12.11,124.535,9.01,64.747,0,0,1,32.7,53033007001
84.952,71.34,7.26,2.72,69.08,3.72,9.29,106.09,12.057,75.103,0,0,1,32.7,53033007002
120.058,85.33,9.44,3.74,64.1,5.82,2.14,118.125,7.55,78.543,0,1,0,49.8,53033007101
116.25,81.99,11.09,1.99,75.07,4.2,3.53,91.277,9.64,73.82,0,0,1,32.7,53033007102
118.048,78.21,5.78,3.52,83.23,2.49,2.79,129.364,14.38,76.89,0,1,0,49.8,53033007201
175.221,84.83,15.98,3.43,77.69,2.12,7.98,126.025,12.137,82.423,1,0,0,239.8,53033007202
139.167,90.66,6.83,3.39,75.76,4.56,10.47,129.994,10.527,82.777,0,1,0,49.8,53033007203
97.94,100.0,11.12,1.66,65.39,2.55,2.96,100.931,5.793,87.163,0,1,0,66.6,53033007301
144.315,89.98,13.51,3.46,80.49,9.39,3.55,132.086,10.893,91.687,1,0,0,239.8,53033007302
142.543,94.93,11.29,0.4,85.26,4.09,1.98,127.141,10.487,93.547,0,1,0,66.6,53033007303
103.628,87.18,1.9,0.33,78.79,3.72,6.48,78.206,4.88,83.26,0,1,0,66.6,53033007403
99.242,80.59,0.78,2.96,80.57,2.72,6.02,87.525,6.11,91.05,0,1,0,66.6,53033007404
90.074,93.02,15.11,10.28,58.63,6.36,15.36,84.922,9.51,88.6,0,1,0,66.6,53033007405
61.008,85.97,5.31,1.21,71.65,2.37,4.78,95.752,9.003,91.203,0,1,0,66.6,53033007406
74.367,83.22,8.55,2.58,67.18,4.56,0.82,102.988,11.607,88.243,0,1,0,66.6,53033007501
115.263,84.53,17.81,0.0,80.71,3.67,11.44,90.64,10.883,87.143,0,1,0,66.6,53033007502
107.479,85.19,8.99,0.0,90.72,0.0,2.02,94.572,10.303,80.357,0,1,0,126.1,53033007503
131.029,60.92,0.0,0.55,81.15,3.9,1.06,134.927,5.957,46.97,0,0,1,48.9,53033007600
147.788,43.45,8.84,0.93,72.79,11.09,4.38,97.874,2.807,70.947,0,0,1,48.9,53033007700
68.162,75.5,5.05,4.28,66.13,15.86,1.36,105.725,10.057,82.047,0,0,1,48.9,53033007901
94.432,76.42,3.37,0.69,70.56,17.38,3.62,115.66,4.63,59.957,0,0,1,48.9,53033007902
115.711,79.08,17.12,3.73,66.78,11.52,2.51,130.143,10.6,76.6,1,0,0,239.8,53033008002
97.159,66.76,10.04,3.75,70.1,5.89,9.37,142.241,11.303,73.25,0,1,0,49.8,53033008003
192.964,62.46,11.01,0.0,85.32,2.12,2.94,111.755,8.42,76.767,0,1,0,49.8,53033008004
99.479,77.8,16.44,6.02,53.22,3.95,0.98,120.431,15.937,83.92,1,0,0,239.8,53033008101
122.375,84.83,12.57,9.09,57.83,9.77,4.75,87.598,16.43,87.363,1,0,0,239.8,53033008102
123.208,87.85,18.12,0.08,77.03,4.27,4.88,100.159,8.927,85.533,0,1,0,126.1,53033008200
99.609,76.47,8.8,6.19,67.23,7.17,4.21,100.664,10.527,88.063,0,1,0,126.1,53033008300
100.291,81.04,8.05,4.58,60.49,2.08,6.47,95.194,7.733,85.653,0,1,0,126.1,53033008401
78.494,95.3,5.41,0.17,70.12,7.26,4.03,96.658,10.653,83.51,0,1,0,126.1,53033008402
71.875,89.13,22.97,13.62,42.58,17.62,3.36,77.23,14.26,89.91,1,0,0,284.1,53033008500
71.624,87.72,12.34,3.79,67.07,7.42,7.07,93.215,13.337,85.12,0,1,0,126.1,53033008600
121.272,33.31,3.95,10.27,65.12,11.93,3.81,100.649,4.793,60.79,0,0,0,27.4,53033008900
59.436,79.5,5.09,6.91,57.41,14.6,4.34,69.651,10.31,80.117,0,1,0,164.3,53033009000
36.857,94.16,12.32,32.89,43.41,5.58,7.13,57.139,14.263,88.357,1,0,0,284.1,53033009100
40.106,96.44,14.73,21.24,34.4,10.77,8.63,77.036,15.953,89.373,1,0,0,284.1,53033009200
116.786,65.11,13.27,8.81,54.95,6.58,8.9,94.319,6.26,53.46,0,0,1,29.5,53033009300
100.473,58.47,6.27,9.15,65.5,14.07,9.17,69.423,7.79,72.647,0,1,0,164.3,53033009400
142.039,44.4,3.02,7.25,63.77,17.47,5.76,125.666,4.12,37.503,0,0,0,27.4,53033009500
130.75,34.97,17.53,1.37,68.35,0.0,0.7,108.966,6.147,46.277,0,0,1,29.5,53033009801
123.529,43.7,5.31,1.93,67.23,5.79,2.37,123.449,9.893,37.873,0,0,1,29.5,53033009802
95.625,45.59,8.78,3.74,56.37,6.53,8.69,123.688,12.037,47.927,0,0,1,29.5,53033009900
70.509,57.63,6.55,23.33,38.81,22.37,2.78,109.745,8.5,55.953,0,1,0,164.3,53033010001
111.976,44.28,5.96,9.56,61.72,9.09,4.83,95.923,8.697,60.403,0,0,1,29.5,53033010002
143.75,34.92,2.45,6.61,62.76,8.8,1.87,124.302,3.953,37.69,0,0,0,20.2,53033010102
160.357,11.04,2.29,3.37,70.61,11.88,2.17,122.548,6.053,47.207,0,0,0,20.2,53033010200
143.971,33.06,3.37,2.86,60.28,1.96,1.35,112.698,1.6,40.427,0,0,1,30.3,53033010601
92.396,47.2,0.45,8.98,46.29,23.54,2.04,126.121,3.437,35.897,0,0,1,30.3,53033010701
107.743,49.54,4.35,8.66,52.67,34.8,4.68,121.005,2.137,35.117,0,0,1,30.3,53033010702
126.648,25.09,2.59,7.09,50.57,11.02,2.06,101.764,1.9,49.137,0,0,1,30.3,53033010800
42.039,56.26,3.31,28.43,24.97,34.04,5.64,106.715,9.957,48.57,0,0,1,72.4,53033011001
98.716,65.67,13.45,12.07,40.17,25.82,7.24,87.823,6.577,45.433,0,0,1,72.4,53033011101
125.179,41.03,2.26,3.01,57.26,12.44,10.35,118.441,9.967,38.573,0,0,1,72.4,53033011102
81.724,58.38,2.76,20.03,31.59,10.66,11.51,78.565,8.433,51.543,0,0,1,43.4,53033011200
94.671,44.9,9.55,7.86,46.05,11.74,3.49,88.679,2.833,51.643,0,0,1,43.4,53033011300
105.152,50.67,0.9,8.9,35.28,13.74,9.65,98.338,6.697,39.05,0,0,0,28.9,53033011401
79.162,45.88,4.84,7.14,38.61,6.99,11.67,109.801,4.06,34.717,0,0,0,28.9,53033011402
121.182,26.37,5.7,1.53,61.49,1.54,1.68,124.828,3.763,38.293,0,0,0,28.9,53033011500
190.169,18.33,5.55,3.0,75.93,1.73,1.7,112.766,3.513,32.263,0,0,0,28.9,53033011601
137.955,24.54,0.0,1.76,69.72,1.31,2.21,151.774,4.873,25.92,0,0,0,28.9,53033011602
88.994,34.98,6.06,22.42,24.51,18.15,7.22,82.309,8.207,40.58,0,0,0,30.2,53033011700
96.25,39.01,14.16,16.23,46.87,15.47,11.69,93.631,4.997,41.923,0,0,1,72.4,53033011801
66.719,49.76,6.67,10.11,36.91,44.23,6.19,114.509,11.013,21.093,0,0,1,72.4,53033011802
144.23,15.94,6.91,15.84,38.5,11.11,12.69,73.462,4.583,40.75,0,0,0,30.2,53033011901
103.047,8.33,11.97,13.87,31.31,23.46,4.91,108.409,4.527,28.06,0,0,1,70.9,53033011902
119.737,13.8,0.67,2.59,66.35,0.35,2.28,116.598,1.667,36.28,0,0,0,14.6,53033020100
106.711,27.92,1.17,4.36,53.28,4.67,3.49,117.256,2.377,33.103,0,0,0,14.6,53033020200
76.429,62.61,4.62,5.12,49.54,3.06,9.9,95.843,3.477,34.05,0,0,1,43.5,53033020301
89.188,39.25,6.63,6.66,42.72,5.9,2.9,102.63,4.263,44.077,0,0,1,43.5,53033020302
91.629,34.98,2.63,5.44,38.74,10.22,3.64,96.807,4.38,45.83,0,0,1,43.5,53033020401
116.198,31.9,2.67,4.1,53.59,3.09,4.85,143.77,1.5,20.54,0,0,0,11.9,53033020402
124.803,35.63,1.89,3.86,55.3,4.51,2.99,117.767,4.13,24.76,0,0,0,26.4,53033020500
143.981,11.6,6.18,6.17,46.33,12.24,3.19,100.491,3.503,44.3,0,0,0,26.4,53033020600
87.481,58.02,1.99,5.8,46.49,11.61,5.65,129.591,4.883,24.583,0,0,0,14.6,53033020700
155.603,22.9,1.84,4.17,59.62,3.24,2.91,100.258,2.907,38.03,0,0,0,14.6,53033020800
106.583,28.15,5.56,3.05,66.56,2.08,4.74,83.418,2.07,57.003,0,0,0,14.6,53033020900
112.702,23.42,5.72,8.75,50.15,14.83,2.34,126.77,5.51,21.673,0,0,0,17.0,53033021000
117.692,27.7,3.58,2.95,57.25,2.78,2.52,109.196,3.967,37.11,0,0,0,17.0,53033021100
101.453,41.66,6.88,4.72,59.7,11.21,4.59,105.29,7.8,56.563,0,0,1,61.6,53033021300
165.385,18.31,1.87,0.51,69.42,0.0,0.97,133.517,2.923,28.54,0,0,0,11.9,53033021400
174.295,8.33,0.0,1.54,69.71,1.23,2.45,128.802,3.317,27.037,0,0,0,11.9,53033021500
104.824,30.9,5.41,1.97,58.24,2.39,5.08,143.149,3.657,30.887,0,0,0,11.9,53033021600
174.732,32.38,8.39,1.75,63.3,3.7,5.08,103.592,4.81,43.243,0,0,0,11.9,53033021701
80.419,51.95,2.58,4.76,52.09,3.62,6.16,153.973,5.53,33.407,0,0,0,15.8,53033021702
130.568,38.9,2.78,4.08,53.75,0.7,3.54,116.81,10.01,41.163,0,0,0,17.5,53033021802
125.534,46.88,6.44,1.71,56.8,1.12,1.34,125.187,9.4,42.563,0,0,0,17.5,53033021803
120.409,43.36,17.23,7.03,55.78,3.01,2.12,126.601,4.31,42.013,0,0,0,17.5,53033021804
89.155,44.9,6.7,6.39,49.15,3.53,2.84,121.011,7.53,35.907,0,0,0,17.1,53033021903
136.929,30.37,4.28,8.95,53.85,1.02,3.17,117.707,5.147,31.523,0,0,0,17.1,53033021904
124.111,22.71,7.0,0.72,52.8,0.0,4.32,131.713,4.517,34.247,0,0,0,15.0,53033021905
139.856,26.96,1.74,4.56,63.44,0.73,7.39,122.317,5.693,36.833,0,0,0,15.0,53033021906
123.7,40.26,3.71,4.95,64.98,0.34,4.96,139.115,5.62,26.397,0,0,0,17.5,53033022001
131.582,35.52,8.1,3.43,59.89,2.53,8.06,107.414,5.637,37.897,0,0,0,25.8,53033022003
94.521,41.83,10.21,1.39,56.04,1.28,3.04,105.238,6.327,47.867,0,0,0,25.8,53033022005
115.375,34.91,4.46,4.29,61.13,0.39,2.98,122.449,6.303,48.43,0,0,0,19.9,53033022006
173.246,16.12,0.0,3.55,61.55,1.12,3.4,114.508,3.74,38.19,0,0,0,15.8,53033022101
161.652,20.96,1.76,3.63,56.15,0.62,5.96,113.763,1.427,38.263,0,0,0,15.8,53033022102
122.305,35.88,1.7,4.66,40.93,0.04,3.53,158.941,3.537,18.84,0,0,0,16.9,53033022201
142.898,25.55,5.31,1.36,73.46,0.73,1.19,134.388,7.043,35.767,0,0,0,16.9,53033022203
138.565,26.96,0.0,3.62,50.96,1.68,2.97,121.69,5.873,45.063,0,0,0,25.8,53033022204
111.183,63.79,7.82,2.87,65.29,1.5,1.04,117.598,6.66,34.097,0,0,0,16.9,53033022205
176.607,8.6,8.85,1.05,73.81,1.31,1.43,132.464,5.2,26.213,0,0,0,0.0,53033022300
161.643,39.67,0.88,4.9,81.95,0.41,1.42,144.747,6.36,36.927,0,0,0,19.9,53033022401
152.691,52.96,5.94,1.65,77.56,0.26,6.88,160.994,5.62,38.223,0,0,0,19.9,53033022402
166.174,22.91,8.68,4.1,73.8,5.45,4.11,164.542,4.53,36.587,0,0,0,19.9,53033022501
155.164,52.09,7.3,0.0,65.33,0.0,1.22,178.233,5.62,32.833,0,0,0,0.0,53033022502
155.25,28.76,3.14,1.18,66.86,1.56,6.77,148.717,4.513,39.323,0,0,0,13.5,53033022603
176.818,18.0,5.41,1.85,71.54,2.09,3.3,157.961,6.767,34.667,0,0,0,14.4,53033022604
118.333,55.39,3.98,10.28,49.4,1.34,8.07,161.828,5.197,39.967,0,0,0,13.5,53033022605
152.544,29.0,4.32,1.68,64.73,1.24,3.01,179.722,4.353,25.603,0,0,0,14.4,53033022606
173.103,60.13,11.58,1.32,73.1,1.69,1.06,206.999,5.65,27.517,0,0,0,0.0,53033022701
215.833,22.63,2.24,3.06,75.44,1.02,3.07,175.196,7.333,44.82,0,0,0,0.0,53033022702
197.321,22.24,3.12,2.14,72.62,1.22,0.69,169.417,2.783,36.617,0,0,0,0.0,53033022703
165.028,36.57,4.53,1.88,68.11,0.67,2.02,153.419,4.013,67.973,0,0,0,16.7,53033022802
173.008,75.2,3.54,2.96,81.79,3.78,2.65,146.029,2.953,52.85,0,0,0,19.4,53033022803
115.227,80.35,3.12,1.5,74.16,2.32,6.59,165.289,3.093,51.133,0,0,0,13.6,53033022804
139.875,58.22,1.79,0.44,80.47,0.94,0.29,161.852,3.26,59.263,0,0,0,13.6,53033022805
182.985,19.98,3.95,3.5,68.56,0.6,1.54,175.791,2.813,49.043,0,0,0,19.4,53033022901
177.365,24.0,2.4,1.42,73.69,1.74,3.32,195.01,2.563,25.7,0,0,0,19.4,53033022902
177.0,47.93,2.5,6.35,66.5,1.28,2.69,145.343,5.82,36.287,0,0,0,12.1,53033023000
171.471,23.73,6.04,1.87,72.27,1.58,3.09,132.642,5.36,45.677,0,0,0,0.0,53033023100
99.971,69.12,10.06,3.26,70.74,0.99,2.99,121.251,4.99,51.51,0,0,0,12.1,53033023201
87.194,61.13,9.02,12.59,51.6,3.44,10.62,139.932,4.65,60.827,0,0,0,12.1,53033023202
133.733,27.97,4.56,7.25,56.66,12.23,7.86,127.888,7.493,45.653,0,0,0,0.0,53033023300
132.955,42.6,3.68,6.8,62.07,4.58,3.82,133.638,5.27,38.053,0,0,0,16.8,53033023401
155.054,21.13,5.37,2.23,69.77,2.04,4.88,193.35,3.32,18.233,0,0,0,0.0,53033023403
147.778,16.33,5.37,1.48,67.17,0.33,2.02,194.151,4.68,22.97,0,0,0,0.0,53033023404
146.518,31.3,4.24,0.74,63.24,1.76,4.52,133.904,5.417,54.81,0,0,0,0.0,53033023500
151.25,54.5,2.93,2.78,64.24,1.19,3.8,135.3,4.97,80.47,0,0,0,0.0,53033023601
142.825,65.43,1.39,13.86,69.99,1.68,9.64,127.171,6.25,70.803,0,0,0,12.1,53033023603
125.0,52.1,7.42,7.07,61.57,4.07,9.86,143.574,3.617,42.8,0,0,0,0.0,53033023604
197.957,35.16,3.71,4.37,78.28,1.05,1.94,148.339,5.59,59.3,0,0,0,13.6,53033023701
130.293,88.79,5.76,0.0,90.67,1.86,1.96,164.011,2.677,51.697,0,0,0,13.6,53033023702
125.461,57.83,5.9,11.36,68.4,1.7,7.99,135.124,7.943,54.057,0,0,0,0.0,53033023801
157.183,88.99,8.39,3.24,72.6,0.91,5.14,154.997,8.02,77.52,0,0,0,0.0,53033023805
147.683,98.73,7.1,1.12,85.1,2.59,1.1,149.039,8.35,87.01,0,0,0,0.0,53033023806
157.153,84.85,8.9,3.43,75.99,4.68,3.02,145.883,7.75,91.637,0,0,0,0.0,53033023807
132.782,87.19,7.76,0.7,72.9,4.0,6.41,154.006,8.13,90.857,0,0,0,0.0,53033023808
126.071,43.68,11.83,0.53,71.14,2.53,2.24,131.038,7.937,68.23,0,0,0,27.4,53033023901
250.001,5.01,0.0,1.62,83.5,0.0,2.71,159.553,5.317,33.793,0,0,0,0.0,53033023902
174.848,30.89,9.22,1.27,64.94,0.0,2.66,155.007,7.85,78.9,0,0,0,0.0,53033024001
160.156,48.98,8.06,1.36,78.19,1.65,0.35,154.006,8.13,90.857,0,0,0,0.0,53033024002
250.001,7.83,7.41,2.47,78.11,0.0,0.89,197.564,8.45,36.41,0,0,0,0.0,53033024100
244.74,18.21,4.55,1.42,87.64,0.21,2.57,191.761,8.123,32.803,0,0,0,0.0,53033024200
99.0,65.39,11.14,4.04,63.38,2.63,2.0,192.121,6.173,32.94,0,0,0,0.0,53033024301
215.862,26.33,5.6,0.58,73.64,0.47,5.48,110.257,8.033,53.57,0,0,0,27.4,53033024302
110.5,62.01,9.01,4.58,72.33,0.95,2.55,158.357,8.96,39.85,0,0,0,0.0,53033024400
250.001,10.48,3.91,2.74,83.05,1.34,0.83,153.167,6.717,44.137,0,0,0,0.0,53033024500
250.001,5.07,5.65,0.27,87.42,1.07,0.93,224.48,3.023,13.43,0,0,0,16.1,53033024601
250.001,5.46,3.06,1.33,88.73,0.87,1.13,146.962,5.803,32.527,0,0,0,16.1,53033024602
118.158,28.89,3.03,5.59,62.83,3.93,3.76,212.501,3.41,13.693,0,0,0,16.1,53033024701
192.898,19.95,1.44,1.61,73.26,1.81,2.68,145.92,3.37,33.34,0,0,0,16.1,53033024703
173.438,24.35,2.1,5.2,66.48,3.15,2.72,156.658,3.477,26.513,0,0,0,16.1,53033024704
142.18,34.09,3.83,3.34,54.55,0.88,7.9,184.207,5.423,20.95,0,0,0,16.8,53033024800
214.063,11.72,8.13,1.91,80.39,0.37,3.38,199.261,7.147,16.5,0,0,0,16.8,53033024901
205.603,8.53,4.46,2.71,77.79,2.14,1.21,210.965,5.973,19.723,0,0,0,16.8,53033024902
246.932,8.41,5.31,3.27,76.83,4.2,3.0,188.011,7.993,25.763,0,0,0,0.0,53033024904
250.001,6.88,13.15,0.79,89.95,0.0,1.22,222.199,5.967,9.553,0,0,0,0.0,53033024905
158.918,30.7,5.96,4.88,71.64,2.12,3.76,204.423,2.95,17.57,0,0,0,16.1,53033025001
155.114,39.71,4.87,2.1,71.97,2.76,2.88,175.379,3.757,26.087,0,0,0,0.0,53033025005
178.5,28.34,2.93,1.49,73.2,0.65,0.92,135.775,4.747,44.017,0,0,0,17.8,53033025006
137.632,39.95,3.58,2.38,70.65,4.35,0.6,212.831,6.487,13.803,0,0,0,0.0,53033025007
240.714,18.2,0.94,0.0,76.03,0.0,3.27,166.096,4.47,23.203,0,0,0,0.0,53033025008
120.286,39.15,0.0,2.65,48.77,3.67,11.06,103.503,4.593,39.767,0,0,0,19.1,53033025101
127.234,23.94,1.66,1.97,52.19,3.15,5.53,110.26,3.357,35.153,0,0,0,19.1,53033025103
132.625,15.92,0.0,11.64,46.0,1.76,4.56,138.155,0.907,23.527,0,0,0,19.1,53033025104
104.833,23.19,2.66,13.76,35.3,1.81,6.77,102.998,5.847,52.497,0,0,0,33.6,53033025201
105.405,44.97,2.05,14.85,35.58,2.4,14.48,101.514,4.353,44.037,0,0,0,33.6,53033025202
50.824,82.25,6.69,10.95,29.88,14.3,7.98,107.946,0.817,45.877,0,0,1,70.9,53033025302
93.426,85.86,0.0,2.62,50.89,14.9,8.02,74.232,6.397,70.35,0,0,0,33.6,53033025303
124.167,42.75,5.09,2.99,53.69,5.81,5.64,182.577,2.387,16.2,0,0,0,33.6,53033025304
79.423,69.77,10.4,17.86,34.28,9.32,14.55,91.717,4.943,44.203,0,0,0,19.1,53033025401
92.45,59.03,2.1,18.15,18.37,12.51,12.08,83.522,5.527,64.547,0,0,0,33.6,53033025402
77.869,50.39,10.07,15.64,29.42,6.48,9.99,99.702,4.72,50.913,0,0,0,19.1,53033025500
77.718,38.01,6.18,18.11,34.09,3.02,9.52,86.2,5.263,55.37,0,0,0,21.3,53033025601
166.944,7.49,1.06,7.48,40.77,1.08,6.79,111.253,3.463,29.523,0,0,0,21.3,53033025602
128.807,26.62,2.55,5.66,39.83,6.81,3.91,114.834,2.503,27.843,0,0,0,42.2,53033025702
69.817,82.29,3.76,16.88,36.34,17.86,15.46,90.184,3.237,48.32,0,0,0,24.3,53033025703
88.281,56.69,3.62,11.1,35.03,3.5,5.89,79.995,4.013,59.777,0,0,0,21.3,53033025704
85.667,54.72,4.61,8.24,25.48,16.49,4.16,94.313,3.317,29.047,0,0,0,42.2,53033025803
91.891,21.32,1.84,5.73,23.28,3.04,9.74,108.679,4.603,34.91,0,0,0,42.2,53033025804
79.486,42.43,1.46,9.35,30.65,12.25,11.26,86.089,4.333,60.95,0,0,0,24.3,53033025805
102.784,45.84,4.63,11.05,37.53,13.13,5.91,79.712,2.96,56.933,0,0,0,24.3,53033025806
114.277,18.48,0.0,8.93,42.15,24.55,3.38,96.297,5.903,27.047,0,0,1,70.9,53033026001
70.561,83.81,14.72,20.83,24.07,45.49,11.26,86.234,1.913,43.297,0,1,0,53.9,53033026003
116.136,33.29,2.45,6.94,27.25,18.51,3.15,78.554,7.137,61.513,0,0,1,70.9,53033026004
72.857,57.08,0.0,10.54,33.63,30.18,6.33,84.849,6.003,47.27,0,1,0,53.9,53033026101
69.708,39.52,3.29,18.59,30.83,27.34,9.01,110.455,2.303,30.5,0,1,0,53.9,53033026102
75.074,75.15,7.15,12.22,29.07,13.73,16.12,80.644,7.823,61.727,0,1,0,53.9,53033026200
83.958,32.97,3.79,16.88,27.29,12.41,15.22,102.016,8.813,34.263,0,0,0,30.2,53033026300
72.825,51.87,13.47,18.62,21.01,9.59,12.39,81.893,3.01,41.503,0,0,1,61.0,53033026400
68.198,57.86,2.28,23.69,32.83,23.74,12.32,81.858,3.88,46.93,0,0,1,61.0,53033026500
103.068,27.11,5.58,9.82,39.53,5.27,3.25,85.21,2.61,49.45,0,0,0,28.9,53033026600
71.316,51.8,2.09,13.65,27.44,8.03,13.04,83.618,2.62,43.02,0,0,1,61.0,53033026801
79.587,44.09,0.0,21.37,24.41,4.94,10.59,77.679,2.443,47.78,0,0,1,47.6,53033026802
93.523,33.68,2.96,18.55,30.98,1.86,4.69,78.194,6.533,41.46,0,0,1,47.6,53033027000
57.813,55.95,1.89,22.51,22.31,18.82,10.68,85.671,5.243,40.827,0,0,1,88.7,53033027100
67.24,50.76,8.88,19.67,22.78,16.91,15.04,79.34,3.19,42.32,0,0,1,88.7,53033027200
96.25,38.04,3.89,26.99,26.68,11.95,12.52,65.897,3.727,54.54,0,0,1,88.7,53033027300
82.171,28.42,6.13,17.13,23.46,2.77,9.55,84.283,7.177,46.87,0,0,1,47.6,53033027400
85.481,38.04,6.92,18.31,22.26,3.24,14.42,78.935,7.483,49.537,0,0,1,86.5,53033027500
89.704,44.89,8.68,16.21,37.34,10.52,11.43,84.721,5.443,46.593,0,0,1,86.5,53033027600
154.712,10.65,2.96,0.77,51.43,0.14,4.2,86.128,6.03,48.877,0,0,1,86.5,53033027800
103.75,26.44,1.77,7.71,43.2,0.41,5.7,103.116,6.427,43.613,0,0,1,86.5,53033027901
64.931,75.3,7.64,13.93,27.14,3.57,13.56,87.692,6.78,44.457,0,0,1,86.5,53033027902
73.846,68.89,11.65,14.58,23.15,24.5,10.46,73.247,4.727,53.543,0,0,1,88.7,53033028000
72.639,56.91,0.41,17.49,24.02,30.67,5.91,79.561,6.553,54.153,0,0,1,88.7,53033028100
68.588,55.53,4.12,11.45,26.62,22.45,8.04,78.71,4.393,48.57,0,0,1,88.7,53033028200
108.819,28.41,7.59,9.39,38.9,9.02,3.2,62.481,7.773,69.877,0,0,1,66.4,53033028300
78.466,58.82,3.11,17.37,22.82,30.55,13.16,77.918,4.307,51.327,0,0,0,37.9,53033028402
65.282,54.71,6.13,12.54,25.54,37.24,9.49,83.663,5.523,51.573,0,0,1,66.4,53033028403
95.833,42.36,6.38,18.1,23.36,6.81,11.51,91.021,7.653,50.15,0,0,0,37.9,53033028500
120.75,22.74,8.2,2.01,54.14,1.82,3.93,127.827,5.743,20.427,0,0,0,24.0,53033028600
132.936,8.27,7.89,9.1,35.63,5.05,3.04,91.408,4.897,40.823,0,0,0,24.0,53033028700
67.091,53.51,5.06,10.57,18.72,12.17,2.22,94.34,5.063,40.66,0,0,0,24.0,53033028801
63.703,67.49,5.87,22.35,19.64,24.63,12.44,80.397,6.26,45.543,0,0,1,66.4,53033028802
86.382,46.22,1.43,4.18,44.3,2.03,5.62,92.223,6.933,38.313,0,0,0,37.6,53033028901
54.743,71.68,7.54,15.53,15.35,21.74,15.71,83.429,4.603,42.897,0,0,0,37.6,53033028902
88.99,34.99,5.37,5.07,34.79,2.09,4.17,71.426,2.91,51.457,0,0,0,37.6,53033029001
75.987,48.49,2.54,19.44,29.63,15.48,14.53,71.184,4.727,43.727,0,0,0,37.6,53033029003
51.91,59.66,4.76,31.77,11.12,5.5,18.32,79.21,3.987,40.003,0,0,1,59.8,53033029004
87.917,33.98,9.84,14.16,35.88,37.18,4.91,70.086,5.31,49.77,0,0,1,59.8,53033029101
72.652,36.53,4.05,19.17,19.97,12.02,8.0,70.253,3.88,49.75,0,0,1,59.8,53033029102
82.739,68.12,8.41,17.07,15.7,8.21,5.93,67.354,8.723,68.16,0,0,1,61.3,53033029203
82.862,41.1,4.34,9.75,38.68,18.44,9.12,80.905,7.58,53.933,0,0,1,59.8,53033029205
58.457,87.43,11.32,18.84,17.05,14.82,16.34,97.858,6.297,41.753,0,0,1,61.3,53033029206
112.13,15.4,5.59,9.36,31.01,5.37,9.5,81.893,3.643,56.153,0,0,1,61.3,53033029207
72.625,81.45,5.71,7.29,24.67,21.48,10.74,87.462,6.057,45.673,0,0,1,61.3,53033029208
111.563,23.39,6.65,6.04,42.51,9.92,7.7,110.682,3.457,34.18,0,0,0,33.6,53033029304
106.25,18.84,4.51,8.85,32.74,11.09,5.28,103.066,4.54,33.457,0,0,0,33.6,53033029305
113.828,20.78,8.91,14.0,30.57,11.98,10.52,113.251,2.903,21.413,0,0,0,33.6,53033029306
133.672,13.28,5.76,2.36,45.91,7.25,4.62,115.395,6.587,18.343,0,0,0,33.6,53033029307
112.708,34.54,0.0,13.21,31.16,5.32,3.3,105.075,6.407,30.083,0,0,0,33.6,53033029308
89.834,46.08,3.66,5.22,48.18,7.87,4.0,107.247,3.047,33.073,0,0,0,33.6,53033029309
105.536,33.51,1.05,11.25,25.97,9.76,6.3,100.687,5.743,26.153,0,0,0,33.6,53033029403
120.795,10.86,4.2,6.92,30.63,9.71,7.97,114.364,3.32,23.907,0,0,0,22.6,53033029405
123.728,17.43,0.0,13.36,37.81,10.26,3.13,105.836,3.88,27.773,0,0,1,34.1,53033029406
67.517,53.5,4.17,11.72,22.81,17.82,5.7,84.63,6.247,49.683,0,0,1,34.1,53033029407
69.135,52.2,7.44,16.5,24.03,14.15,13.6,98.927,1.74,34.813,0,0,1,34.1,53033029408
81.029,65.39,7.15,10.56,25.85,16.22,7.75,84.176,5.807,56.26,0,0,0,31.6,53033029504
61.75,64.08,8.45,10.01,30.7,20.84,14.57,70.582,6.763,67.777,0,0,0,31.6,53033029505
63.201,84.44,8.97,21.5,10.28,19.06,7.62,91.837,5.2,53.973,0,0,0,31.6,53033029506
115.491,17.25,0.0,13.92,25.34,1.41,7.68,111.829,0.92,31.647,0,0,0,31.9,53033029507
127.577,20.26,0.0,13.99,29.2,0.56,6.62,106.749,2.383,33.357,0,0,0,31.6,53033029508
132.731,32.45,0.0,16.83,39.23,2.25,3.9,84.624,3.91,47.973,0,0,0,31.9,53033029603
75.179,42.23,2.76,18.03,20.46,16.6,3.86,103.808,2.99,44.713,0,0,0,31.9,53033029604
67.686,58.95,12.01,9.46,17.4,8.15,10.02,75.106,6.903,57.177,0,0,1,43.7,53033029701
80.828,39.33,3.85,13.13,31.18,22.01,10.85,66.605,10.07,65.567,0,0,1,43.7,53033029702
82.147,91.29,8.85,18.18,28.05,9.92,13.27,100.085,3.11,32.997,0,0,0,23.6,53033029803
144.741,21.36,0.94,10.63,36.26,8.87,6.81,85.29,4.243,58.23,0,0,0,23.6,53033029804
99.756,16.09,3.99,12.48,23.01,10.52,5.59,116.044,0.15,21.72,0,0,0,23.6,53033029805
108.32,30.42,0.45,11.14,43.68,5.22,2.44,103.3,2.787,30.143,0,0,0,23.6,53033029806
94.167,25.86,0.0,8.42,21.82,11.76,4.69,99.208,3.347,32.647,0,0,1,61.6,53033029901
145.644,8.88,0.0,8.46,37.26,4.0,4.53,74.75,6.503,43.933,0,0,1,61.6,53033029902
81.733,40.4,4.34,13.25,27.96,7.44,11.94,86.125,4.587,55.65,0,0,0,26.4,53033030003
90.038,29.29,1.97,15.95,20.63,7.11,14.47,63.08,4.67,52.897,0,0,1,50.3,53033030005
52.224,72.97,6.05,16.74,22.42,22.44,19.34,77.494,2.66,41.66,0,0,1,61.6,53033030006
48.23,92.61,9.39,21.24,20.21,45.54,13.64,79.058,3.247,40.89,0,0,0,26.4,53033030007
65.403,52.98,3.43,12.73,25.43,18.62,5.29,73.334,5.233,54.1,0,0,0,26.4,53033030008
100.217,41.0,14.08,3.56,30.02,13.15,3.16,93.998,7.097,22.287,0,0,0,26.3,53033030101
114.306,9.61,10.5,6.27,53.85,0.0,7.91,77.494,2.66,41.66,0,0,1,50.3,53033030102
87.464,30.41,2.78,12.34,17.48,13.43,8.39,86.011,6.45,52.537,0,0,0,26.3,53033030201
70.833,62.95,1.48,12.92,21.41,17.4,18.36,72.553,3.677,38.763,0,0,1,43.6,53033030203
71.612,32.74,4.53,15.69,33.39,10.23,7.67,79.121,6.01,48.51,0,0,1,50.3,53033030204
77.162,42.6,3.6,8.47,25.46,19.92,6.18,83.313,2.57,49.237,0,0,0,38.8,53033030304
80.223,26.84,8.01,3.14,45.91,7.9,2.42,106.539,6.953,28.15,0,0,0,26.3,53033030305
112.355,17.08,4.3,7.42,40.61,11.31,4.89,91.417,4.76,35.623,0,0,0,26.3,53033030306
86.983,53.66,3.79,13.42,31.61,23.89,5.86,94.746,3.353,40.423,0,0,0,40.0,53033030308
89.73,64.49,4.8,4.41,35.93,28.15,6.09,65.498,3.473,57.8,0,0,0,40.0,53033030309
107.045,26.37,2.48,7.14,25.91,10.87,7.3,93.187,5.367,32.527,0,0,0,40.0,53033030311
50.929,66.6,2.91,10.27,18.73,17.81,10.53,81.724,4.8,51.377,0,0,1,43.6,53033030313
58.583,53.14,3.72,4.65,33.15,18.06,9.52,70.497,3.063,64.68,0,0,1,43.6,53033030314
109.279,16.62,0.0,5.97,38.72,12.51,1.47,95.769,4.147,31.427,0,0,0,38.8,53033030403
109.957,18.89,2.97,6.11,27.13,1.32,5.33,98.69,2.543,24.187,0,0,0,38.8,53033030404
97.619,15.23,0.0,16.47,26.46,0.0,2.06,94.55,4.503,30.813,0,0,0,38.8,53033030405
100.188,32.79,5.87,7.79,27.36,6.84,7.27,101.479,2.95,23.54,0,0,0,38.8,53033030406
96.86,36.5,5.88,17.22,28.51,13.83,9.09,82.912,2.927,38.207,0,0,1,43.6,53033030407
30.327,89.85,15.52,7.6,15.74,10.6,12.04,96.92,5.873,39.037,0,0,1,61.6,53033030501
68.927,53.31,9.23,13.36,24.4,17.34,4.18,62.448,9.253,61.367,0,0,1,43.7,53033030503
76.19,54.92,8.39,11.75,16.88,16.38,8.72,70.965,8.497,51.44,0,0,1,30.1,53033030504
83.375,45.48,5.81,8.85,18.46,4.79,7.83,77.141,4.197,51.513,0,0,1,30.1,53033030600
61.269,54.79,0.0,17.76,14.44,13.8,12.36,75.237,4.933,47.293,0,0,1,44.7,53033030700
63.908,48.82,4.55,29.48,9.97,13.5,13.25,75.433,2.067,41.84,0,0,1,44.7,53033030801
78.427,47.58,4.44,16.68,14.63,3.2,7.46,65.351,2.953,44.26,0,0,1,44.7,53033030802
86.602,23.15,1.76,20.76,14.58,14.82,8.03,79.629,2.897,38.453,0,0,0,38.8,53033030901
77.361,51.31,4.14,9.47,20.31,7.82,5.84,86.822,3.093,30.287,0,0,0,38.8,53033030902
131.316,14.74,2.05,4.59,53.21,9.52,3.49,75.112,3.253,44.86,0,0,0,29.4,53033031000
76.031,57.83,1.01,10.91,20.99,5.02,11.01,82.738,4.773,39.827,0,0,0,29.4,53033031101
70.877,29.17,4.31,8.82,15.81,2.23,13.3,95.258,2.5,40.05,0,0,0,29.4,53033031102
104.053,18.23,10.38,11.71,24.68,2.88,14.65,129.516,5.557,9.22,0,0,0,31.0,53033031202
118.966,6.84,0.57,5.92,37.19,0.39,1.98,97.769,1.737,37.99,0,0,0,18.6,53033031204
93.963,44.83,4.2,11.55,25.49,0.57,10.03,86.2,3.66,40.767,0,0,1,30.1,53033031206
99.193,18.99,4.16,8.52,35.33,0.0,7.01,84.509,6.133,48.41,0,0,1,30.1,53033031208
120.583,9.51,12.17,7.67,27.01,0.0,3.56,110.094,6.673,23.01,0,0,0,31.0,53033031301
93.482,22.96,5.16,4.57,24.08,1.33,3.17,119.128,9.01,18.527,0,0,0,31.0,53033031302
132.747,27.84,4.48,4.88,37.51,0.02,3.59,106.039,9.237,16.9,0,0,0,31.0,53033031400
96.304,21.05,4.08,2.77,29.9,0.0,4.79,144.188,10.06,17.42,0,0,0,16.5,53033031502
123.313,11.31,0.0,7.62,32.11,0.76,1.79,128.028,2.483,12.75,0,0,0,18.6,53033031601
135.556,8.14,0.8,1.71,48.62,0.29,2.0,138.421,2.283,13.067,0,0,0,13.9,53033031604
149.0,11.31,3.93,0.77,50.42,0.44,4.87,124.996,1.25,13.183,0,0,0,18.6,53033031605
115.917,29.24,4.83,12.54,23.23,6.19,6.55,113.835,1.357,21.273,0,0,0,24.2,53033031704
151.182,13.26,3.06,12.33,34.71,8.48,3.43,122.985,1.753,18.427,0,0,0,25.9,53033031705
158.333,3.86,10.3,6.42,54.47,30.71,3.43,111.256,1.357,18.65,0,0,0,24.2,53033031707
90.701,18.44,4.07,8.37,30.81,3.62,13.97,129.914,5.043,16.783,0,0,0,24.2,53033031708
133.304,7.91,0.0,4.92,35.17,0.93,3.39,119.794,2.377,23.057,0,0,0,25.9,53033031709
117.5,37.47,0.0,2.98,28.61,3.72,9.51,134.212,2.773,10.357,0,0,0,25.9,53033031710
141.307,5.52,3.53,3.33,37.47,5.21,1.97,128.153,3.607,22.113,0,0,0,22.6,53033031800
130.259,8.52,2.63,3.28,48.12,0.2,2.27,109.273,4.057,14.33,0,0,0,19.0,53033031904
114.306,9.1,6.42,7.69,40.91,1.54,1.4,118.054,5.143,20.707,0,0,0,19.0,53033031906
89.31,45.87,8.67,7.12,41.64,13.01,10.2,121.485,2.92,18.683,0,0,0,21.2,53033031908
99.605,39.8,2.0,3.78,46.97,14.62,10.86,117.259,7.073,24.58,0,0,0,21.2,53033031909
113.947,11.77,0.86,4.6,55.23,4.05,1.31,137.454,5.67,19.667,0,0,0,21.2,53033031910
150.904,4.48,5.9,0.99,47.59,3.84,2.41,105.854,5.317,22.247,0,0,0,19.0,53033031911
96.97,15.55,1.18,13.0,27.6,1.36,4.72,157.239,1.167,10.687,0,0,0,21.3,53033031912
172.148,8.65,2.44,2.91,48.92,0.1,0.05,125.954,1.033,11.603,0,0,0,21.3,53033031913
116.544,18.34,4.57,4.89,42.29,3.65,3.82,124.809,6.413,12.373,0,0,0,19.0,53033032002
146.25,7.23,0.39,2.25,46.5,0.62,2.01,143.291,2.89,13.633,0,0,0,15.4,53033032003
118.15,9.9,5.26,5.38,26.45,6.15,4.24,128.267,2.003,23.61,0,0,0,25.9,53033032005
116.118,20.1,2.95,2.46,31.97,5.51,2.66,119.654,1.753,19.56,0,0,0,25.9,53033032006
129.861,19.5,10.19,5.81,40.06,1.9,0.66,127.09,2.59,11.373,0,0,0,13.9,53033032007
136.607,7.29,1.84,3.5,39.79,0.24,2.2,138.071,1.937,13.35,0,0,0,13.9,53033032008
126.513,16.93,0.67,1.56,47.4,0.23,3.44,141.435,2.327,10.137,0,0,0,13.9,53033032010
152.143,14.98,4.34,7.4,48.24,2.43,3.66,132.892,1.103,10.787,0,0,0,13.9,53033032011
162.667,3.74,4.1,2.33,58.57,0.43,3.71,160.594,3.22,36.537,0,0,0,15.4,53033032102
114.578,52.39,5.79,5.37,58.46,1.67,2.61,164.069,3.067,39.29,0,0,0,9.8,53033032103
127.713,40.15,3.35,2.16,65.3,1.88,3.0,130.016,3.3,32.093,0,0,0,17.8,53033032104
204.107,10.76,9.52,3.31,71.2,0.27,0.93,182.245,2.3,15.773,0,0,0,9.8,53033032207
180.081,21.27,1.29,3.19,75.62,1.91,0.67,198.772,2.003,15.16,0,0,0,13.5,53033032211
236.696,3.23,2.42,4.38,68.69,1.15,1.61,169.799,2.75,29.837,0,0,0,13.5,53033032213
250.001,7.58,2.5,1.16,88.1,2.55,1.09,222.997,3.92,13.767,0,0,0,13.5,53033032215
234.743,15.0,0.6,3.5,70.56,0.0,9.87,220.835,3.113,18.267,0,0,0,0.0,53033032216
230.208,16.73,0.0,0.4,83.01,1.55,0.99,203.44,5.387,16.497,0,0,0,0.0,53033032217
168.75,14.26,1.53,5.21,59.17,3.59,0.62,185.729,4.927,27.883,0,0,0,9.8,53033032218
173.0,51.62,3.97,1.49,74.6,0.22,1.28,144.595,3.673,39.547,0,0,0,9.8,53033032219
150.458,51.99,3.7,3.95,70.79,4.88,1.54,164.026,3.253,37.897,0,0,0,12.5,53033032220
203.611,17.47,2.61,1.48,82.05,0.0,0.72,164.468,2.867,33.973,0,0,0,12.5,53033032221
106.25,46.7,2.48,0.62,69.6,8.2,1.04,207.092,1.237,11.393,0,0,0,9.8,53033032222
204.5,9.68,0.0,3.54,68.68,0.02,3.65,151.694,1.767,27.41,0,0,0,9.8,53033032223
223.065,21.54,4.48,2.04,86.74,0.24,1.05,208.018,2.25,17.6,0,0,0,13.5,53033032224
209.231,16.53,4.86,1.52,87.25,0.0,0.92,235.936,2.527,14.707,0,0,0,0.0,53033032225
166.784,10.38,0.69,1.95,60.91,0.0,2.06,210.792,1.63,6.827,0,0,0,13.7,53033032307
180.625,10.61,2.63,6.38,59.3,0.95,6.72,170.963,2.983,8.37,0,0,0,13.7,53033032311
141.532,68.13,8.11,4.36,72.42,1.38,3.29,137.115,5.34,64.933,0,0,0,13.3,53033032313
189.464,5.68,1.91,2.57,60.29,0.0,0.7,177.398,3.503,20.117,0,0,0,13.9,53033032315
225.046,9.19,1.24,0.73,80.48,0.79,3.94,188.86,1.96,27.463,0,0,0,11.0,53033032316
212.216,10.46,0.98,2.05,72.39,0.0,1.34,232.368,0.613,13.33,0,0,0,11.0,53033032317
237.315,15.8,0.0,1.42,82.41,0.0,2.31,215.498,2.36,12.06,0,0,0,11.0,53033032318
105.911,57.42,5.8,1.03,53.9,1.8,5.11,167.058,1.507,23.39,0,0,0,0.0,53033032319
230.75,4.31,0.0,0.27,73.31,0.94,1.0,137.517,2.743,31.587,0,0,0,0.0,53033032320
250.001,7.3,4.81,0.9,84.11,0.0,2.95,192.881,4.177,23.797,0,0,0,0.0,53033032321
221.0,5.56,2.26,0.73,79.44,1.35,5.71,224.248,5.557,17.28,0,0,0,0.0,53033032322
220.713,35.46,5.99,2.69,74.86,2.08,2.48,143.353,6.293,56.073,0,0,0,13.3,53033032323
153.007,42.29,3.95,3.1,65.81,3.72,8.66,137.252,6.37,75.217,0,0,0,0.0,53033032324
123.634,52.79,7.89,0.0,73.0,0.36,3.53,169.475,4.707,59.157,0,0,0,13.3,53033032325
202.031,9.08,5.87,6.51,68.51,0.0,4.13,195.262,3.547,15.557,0,0,0,0.0,53033032326
144.073,5.65,2.39,3.29,68.56,0.55,3.98,194.948,4.52,24.68,0,0,0,0.0,53033032327
228.611,2.19,2.83,1.28,70.89,0.0,0.0,174.782,5.267,44.363,0,0,0,13.9,53033032328
153.417,73.14,7.04,2.08,81.98,6.72,2.78,164.018,4.64,44.38,0,0,0,0.0,53033032330
134.704,99.72,4.18,1.34,75.2,1.82,7.07,147.223,5.457,43.883,0,0,0,16.7,53033032331
222.813,30.8,0.0,0.0,84.76,0.24,1.49,177.561,4.303,14.0,0,0,0,13.9,53033032332
160.0,34.16,7.69,0.52,75.78,1.67,3.95,198.499,1.74,12.88,0,0,0,13.9,53033032333
147.847,8.19,6.02,1.38,59.25,0.0,1.65,153.192,2.613,8.883,0,0,0,22.8,53033032401
134.878,10.39,2.82,3.87,46.86,0.68,5.41,165.77,5.207,16.01,0,0,0,22.8,53033032402
159.345,7.82,6.82,5.66,51.27,0.48,5.3,157.396,3.583,8.087,0,0,0,13.9,53033032500
124.914,19.27,8.88,9.14,38.03,0.0,2.92,200.771,5.617,9.487,0,0,0,12.5,53033032601
230.142,2.6,2.08,1.3,70.44,0.0,0.18,165.695,7.883,15.043,0,0,0,12.5,53033032603
186.194,12.4,3.83,0.57,69.2,1.99,0.2,176.164,7.963,16.777,0,0,0,17.1,53033032604
185.978,13.46,10.94,0.87,68.25,1.96,1.94,206.649,2.84,10.823,0,0,0,17.1,53033032605
112.371,34.27,10.87,5.27,34.75,0.0,4.53,189.029,2.573,11.763,0,0,0,17.1,53033032703
150.75,20.29,1.81,5.71,53.07,0.22,13.5,149.742,4.9,21.83,0,0,0,16.5,53033032704
150.662,18.82,0.0,2.46,55.84,0.0,0.28,149.772,5.503,22.32,0,0,0,16.5,53033032705
149.155,5.6,25.7,3.09,39.29,1.26,0.84,137.928,4.227,24.46,0,0,0,17.1,53033032706
117.656,12.77,31.8,4.22,43.82,0.27,2.89,153.083,11.443,11.237,0,0,0,17.1,53033032800
