Med_HHD_Inc_Thousands_ACS__,pct_Renter_Occp_HU_ACS__,pct_Vacant_Units_ACS__,pct_Not_HS_Grad_ACS__,pct_College_ACS__,pct_NH_Blk_alone_ACS__,Pct_No_Health_Ins_CALCULATED_ACS__,Med_HHD_Inc_Thousands_ACS___Neighbor_Avg,pct_Vacant_Units_ACS___Neighbor_Avg,pct_Renter_Occp_HU_ACS___Neighbor_Avg,GIDTR
-1.5222032,1.172983,-0.40439692,-3.1334085,-1.5443054,3.3239756,-4.217848,4.7722363,-5.3351965,-2.9550939,53033000101
1.2378381,-0.25331956,-2.9918823,0.40444267,-2.3745413,-1.1685463,-2.3995426,2.314621,-4.488053,-0.88007164,53033000102
0.9477353,-3.9075747,-1.9804721,-0.6461276,-2.3046772,0.08888691,2.8174996,3.5690227,-4.0691047,-3.8120294,53033000201
0.41102582,-2.8635347,-1.4963044,-2.3818984,-2.098325,-0.48038507,-2.0605533,6.302161,-3.4564946,-1.7759602,53033000202
4.0874324,8.720643,3.5420127,8.022884,6.6332703,5.794807,7.1302366,20.019556,2.1358275,3.0829952,53033000300
1.1850866,-2.3971076,-1.4148973,-2.217413,-1.5627396,1.5468969,-1.2874492,7.3891907,-1.3678265,-1.6866738,53033000402
33.207848,6.658604,2.9479704,0.09810625,7.033615,0.86358374,4.5571537,13.094034,0.19375098,2.6685483,53033000403
27.36106,8.416454,-0.5067995,2.851347,3.6390018,11.670976,11.0671015,13.03872,-2.862152,0.7469739,53033000404
-3.6613283,-4.036205,0.7939559,-2.5473866,-0.85537183,-0.5169315,2.415071,8.17919,-1.4110559,-1.1096263,53033000500
1.5022441,-1.3332212,-0.98404455,-0.79535145,2.2760103,-1.1684564,-1.9925524,7.88644,-4.0131826,-3.4762251,53033000602
1.5261059,-2.637602,0.49041674,-1.7205585,-1.0408373,1.0988847,0.14496772,-1.095634,-2.7208624,-2.982688,53033000700
-0.7295978,-3.9133646,0.8042328,-1.6697688,-0.8337108,-2.8239474,1.8478069,5.2373867,-2.3449004,-2.6940215,53033000800
-0.7315678,-3.876948,-5.3333216,-2.4133575,-1.7210846,-1.1988571,-0.8907494,-10.443765,-1.9878253,-2.7100067,53033000900
0.6609194,-1.3271912,0.4433428,-1.62289,-0.25333843,0.45278066,0.24640302,-1.2818098,-1.9297206,-2.8403835,53033001000
-0.8946063,-1.3421323,-0.28417566,-0.92181885,1.7334695,-2.1665912,0.72145504,-1.5173113,-1.8143538,-1.5716316,53033001100
3.0645678,5.0485206,0.28986067,-0.15918268,4.7503543,1.7002819,2.2825978,9.17993,-1.103448,2.1898344,53033001300
1.2295243,0.014546193,0.52349657,-0.45701852,-0.005207428,-1.3545822,0.50257856,-8.018879,0.37810114,1.5971389,53033001400
-2.3125286,-2.1238558,-0.385234,0.46856982,-0.3331287,-0.3896477,1.0807923,-10.876932,-2.4673908,-1.5846943,53033001500
-3.405239,-2.0284019,0.597953,-1.3235887,1.7836868,-2.1305177,0.19568473,-10.42439,-0.6632645,-1.6434702,53033001600
0.6592773,-1.2150694,-1.5756843,-0.96348214,-1.5819753,-1.3117728,-1.750717,0.9021791,-3.3942716,-3.8907406,53033001701
0.3297197,-1.9206483,-3.594629,-2.6726637,-2.0967484,-1.5120652,-0.22617714,-0.76246494,-2.0457273,-1.2219734,53033001702
4.704369,4.794951,3.4028373,0.7892134,1.6586474,3.8299744,2.534016,-0.6824246,2.8574011,0.6120755,53033001800
2.3405929,3.6208675,3.6102333,0.87042505,1.8437442,8.382538,5.2919655,-3.4188015,0.4462041,1.6737179,53033001900
-1.3002669,-1.6137555,-1.0751349,0.07817256,-0.14496525,1.1628705,0.84726256,-5.5127707,-2.0012138,-1.3168422,53033002000
-0.356541,-0.474539,-0.19027574,-0.6069788,-0.073903225,-1.0134032,1.2729825,-6.4757514,-1.9064356,-1.5754291,53033002100
-5.033103,-3.0299692,-1.0593398,-0.9793523,0.39461017,-3.252948,-1.9221117,-9.678514,-2.252206,-2.1606967,53033002200
-3.6312132,0.4737253,0.27662143,-1.2819972,2.1944025,-0.529537,1.0080694,-8.78306,-2.1606197,-0.93012065,53033002400
-0.6546897,-0.32987252,1.023008,-1.0575964,1.7735554,-0.15098228,1.1091858,-9.822586,-1.4569916,-1.555506,53033002500
-0.18817115,-0.51338047,-1.2050468,-1.3196088,1.2100558,-1.6089276,2.3315122,-1.5952191,-2.0406928,1.4540927,53033002600
1.255564,6.2508764,2.5467548,-0.6549183,2.7790966,1.5149355,4.7284584,10.605332,-0.7558877,3.556692,53033002700
-2.135651,-1.4145373,-2.6516345,-2.6688461,-0.8082172,-1.4336698,0.0052508614,5.4765415,-2.770526,-2.546348,53033002800
0.38828957,-0.16464393,0.17879295,-1.1413621,-0.4729982,-1.2322512,0.71261644,-8.604343,-1.8690796,-1.4338645,53033002900
-3.499019,-0.19463369,0.2706316,-1.2077518,-0.7387001,-1.8385749,0.5840644,-6.2547617,-2.6778226,0.043255728,53033003000
-2.289856,-0.36109698,0.6836239,-0.6017753,-0.6093521,-2.2614565,1.0820047,-10.241562,-2.071149,-1.6437945,53033003100
0.9492748,0.26618585,0.83838135,-1.0573491,0.14911315,-2.4757288,0.5299237,-11.592243,-1.500743,-2.3638637,53033003201
-3.3724992,3.4106162,0.1947285,-2.0136168,-0.47535273,-0.905369,0.17816782,-9.709121,-2.9298651,-0.060357276,53033003202
-0.95999384,-0.5104803,1.2753315,0.056677483,-0.7418531,-1.8518848,0.46507788,-11.184355,-2.0584059,0.35938334,53033003301
-3.66118,-2.455951,-1.0428714,-1.2297037,-0.46213427,-2.1555536,1.1972667,-6.2023177,-2.6952357,0.4775321,53033003302
-3.5586212,-1.2061098,-1.0666603,-1.3458637,0.45542815,-1.7013185,1.7168827,-6.061375,-2.7665453,-0.7938279,53033003400
-0.6761036,-0.3382436,-3.3799398,-0.5612215,1.3910676,-2.1251929,0.49172267,-6.493689,-0.54406226,-0.6106154,53033003500
0.91269284,-2.0767276,0.46685764,-0.52284515,1.6572129,-1.9483138,2.5647712,-2.0491376,-1.8926908,-1.5176233,53033003601
3.0212066,5.4716306,-0.8873601,0.5987217,1.2431663,-0.47239253,2.6073494,-11.665489,-1.7302195,-2.0379903,53033003602
0.23067331,0.09968769,-0.46983722,-0.22439106,0.15445466,-0.82328075,1.1929722,-8.79646,-1.5255623,-1.3695953,53033003800
-1.1820016,0.84782344,1.6487871,-0.91702896,2.1209915,-0.73937786,0.42427087,-11.002582,-1.7425293,-1.223383,53033003900
-4.027985,3.4752164,-0.542172,-1.455618,2.2178085,0.19441293,-0.33590585,-9.735704,-1.9063839,-0.5106182,53033004000
-3.275975,-1.9670838,-0.3090766,1.0281487,3.7529368,-1.4270797,0.986271,-9.8960495,-2.088096,-1.3182187,53033004101
-1.6889066,-0.052195102,1.5408149,-0.5841718,1.3138161,-0.8824051,0.7605148,-10.673048,-2.0080552,-1.4255812,53033004102
-1.3510969,0.40725613,0.6467048,-0.7874617,0.84545845,-0.68197834,0.7173844,-9.754552,-1.8636175,-1.527015,53033004201
-1.9592288,1.1565285,-1.7878214,-2.005209,0.13731048,-1.0939422,1.6144612,1.9215769,-0.6330565,-0.6970434,53033004202
2.1613603,-2.4897454,-0.6283111,-2.3294182,1.3960463,-1.4546399,0.90987074,1.2515041,-0.2745952,-2.321564,53033004301
4.5764666,-1.1668254,-1.9494193,-6.0524893,-2.8077204,-2.8402193,-4.249452,-2.04474,-2.3269799,2.9797192,53033004302
-0.059366364,-5.9167757,-0.22306146,-8.641709,-0.55431354,-4.6687346,0.71134603,1.8165137,11.0709,3.3598354,53033004401
2.7178485,2.871026,-4.1032624,-2.5234935,-0.5651141,-2.0699737,-0.20474494,4.807321,-1.6816106,-0.5637747,53033004402
-2.062498,-1.6669548,-2.2614293,-5.0045285,1.4694585,-3.3014677,-0.39972556,9.622962,-1.0843874,2.6150217,53033004500
-1.330136,-1.1142942,-1.401149,-0.870327,0.03485519,-1.8597844,0.50283873,-3.452519,-2.4914098,-0.16285866,53033004600
4.1398187,-0.45441952,-0.35551292,-1.6100876,-1.17841,-3.0337381,0.18500659,-7.1346955,-1.8109882,-1.2384343,53033004701
-1.586402,-3.7557478,-2.7487288,-0.10336131,0.74169636,-2.14047,0.42418522,-3.839386,-2.7045412,0.24859424,53033004702
-3.034282,-0.72988194,-0.23931973,-0.3536159,1.2757968,-2.0525339,0.8847452,-3.607856,-2.587627,-2.0987284,53033004703
-2.5817819,0.059418753,-0.98236763,-1.0009171,1.6170125,-1.8015761,0.9403914,-6.2913847,-1.7837335,1.169755,53033004800
0.5406001,0.9320416,-1.0207036,-0.7325391,0.08723233,-2.639711,1.0398932,-3.7271283,-0.89396054,-1.6067901,53033004901
0.7873567,-0.77663475,-1.9646046,-1.9014758,-0.40475002,-1.4386648,0.44645438,-1.3595656,-2.2061832,-0.5848228,53033004902
0.28584683,2.893226,-2.4338424,-1.8595287,1.1666651,0.43189248,-1.5597237,-1.0223671,-3.1031525,-3.3686085,53033005000
-3.0532556,-1.2886358,-1.8061692,-3.35631,-0.119052365,-4.1419096,1.0341388,-0.44533837,-2.1249492,0.47817943,53033005100
0.05027003,-6.2662272,-3.3106947,-12.187452,-4.304415,-3.426194,-1.0654523,0.40677685,10.496516,3.8277614,53033005201
1.682568,4.3396273,4.40759,-14.938565,-6.593171,-7.0876546,0.039048705,-12.227377,9.944025,3.5064764,53033005202
-2.2520874,2.340621,0.3102813,0.09661443,-8.216985,-6.154048,-1.1594049,-15.418082,15.289514,2.1472585,53033005304
-1.1898687,1.6953887,4.4613004,-10.442566,-8.176407,0.32350832,-5.670309,-12.670929,12.1069565,3.172661,53033005305
0.44148812,5.897788,3.7337134,-11.638445,-3.7325034,-0.24154441,4.236391,-12.37561,9.598622,2.2423744,53033005306
5.6683335,2.971212,1.4225885,-9.346432,-6.263625,-3.8829892,3.2739658,-6.90618,7.691137,2.9531267,53033005307
-1.8607061,-1.2229263,-2.4808502,-1.0070453,-0.6935265,-1.4993078,0.46693784,-2.2602654,-1.4942381,-0.66367155,53033005401
0.6034024,0.5568545,-2.839216,-0.18136647,-1.1415001,-4.6829147,0.21039313,-2.696306,-1.890654,3.3606217,53033005402
-3.1055934,-1.859651,-0.88784957,0.6361655,-0.13603921,-2.0088909,0.7715108,-10.004569,-0.5802455,-0.50099385,53033005600
-2.9117918,-1.1363776,-2.1026392,-0.834905,-1.0214546,-1.3522836,1.0792828,-5.7081966,-2.3034523,-0.35768065,53033005700
-1.4746101,-0.8320456,-1.7672286,-0.2762989,-1.1148088,-1.1233294,1.3721797,-4.1397686,-2.921662,-0.54027385,53033005801
-0.94739306,-0.4307033,-0.27118462,-1.6400357,-1.0195633,-0.93311083,0.060867917,-10.887393,-0.2187963,-0.5199248,53033005803
2.0176673,-0.43522456,-0.92195624,-0.4457924,0.0014287173,-2.0201218,0.6341111,-1.1636496,-0.3564001,-2.0072377,53033005804
-1.381777,-1.9764658,-0.87723136,0.1175175,1.5192086,-0.5095311,0.20585558,-8.815464,-2.1303506,0.5876781,53033005901
-1.7509277,-0.39788565,-0.477016,-1.6004457,1.8398694,0.57880014,0.6472099,-8.541361,-1.85531,-0.1810964,53033005902
-0.7063807,-2.336953,-1.0168376,-0.8000745,-0.4024807,-1.0341017,-0.40952507,-5.3529997,-2.1405332,-2.0821586,53033006000
-1.6654675,-9.892114,-2.27912,-11.794679,-4.5166106,-2.0069487,-0.56619865,0.5358566,11.007877,6.8152337,53033006100
-5.9112425,-6.3084283,-2.324687,-2.1567492,-1.9066278,-1.2554691,-0.8082167,-2.773411,-3.995689,-3.8676574,53033006200
-4.683091,-0.86071026,-3.778763,-1.8887154,0.6367304,-2.1428254,-1.1024687,-13.407696,-2.938181,-2.074559,53033006300
-0.8669129,-3.002752,0.53072137,-0.21777806,1.1387944,-1.5395192,0.1907673,-1.7037605,-2.2012398,3.0865788,53033006400
-8.045529,-7.4332614,-2.170316,-5.6504188,-3.4173534,-3.6934884,0.15557882,-0.45041505,-3.0446994,4.438451,53033006500
0.7136559,14.329306,0.36246863,-0.91288686,1.5659133,1.3199602,3.8984227,2.2411652,-0.051535916,10.0990505,53033006600
3.6373718,13.800396,11.946089,0.20797402,4.8036504,-2.8717473,3.8831482,4.7420416,-2.0661998,1.5525192,53033006701
1.6466937,1.3118464,10.40304,-4.038382,-1.4335938,0.837323,-0.24155281,2.730781,-0.93487716,15.747247,53033006702
-0.3631376,-8.597095,-1.1689178,-5.6716104,-1.4021459,-5.9020853,1.3273557,-9.025789,16.512657,1.1098796,53033006703
-4.2341704,0.14196147,-0.8910293,-1.3817414,-0.030459251,-1.1701368,-0.365222,-2.3336604,-2.9293995,-0.65212166,53033006800
-3.764969,-1.793508,-1.2345413,-2.012379,-0.08930949,-2.8042467,2.8362648,4.404136,-1.561851,1.1550887,53033006900
0.37866056,0.4777718,1.1626958,-1.7917535,-0.5208894,-0.8664271,-1.6833937,-0.32497245,-0.017435627,-1.0151372,53033007001
1.3988838,-5.184893,-2.861675,-7.4418263,-2.157338,-5.5266147,-0.7958186,2.5213506,13.996941,2.23443,53033007002
1.5380052,10.795719,-1.9607294,-2.3799856,0.20722927,1.1275814,1.7654492,5.147057,-1.990468,10.366876,53033007101
0.33558032,5.4873495,-3.8766406,-3.8536565,-0.59841293,-3.4503217,0.12151639,5.4285693,-1.4369558,2.364824,53033007102
0.29946467,9.175556,-5.3913283,-7.106014,-5.7262244,-5.2227554,-0.41860658,5.846751,30.522196,6.879177,53033007201
12.36036,15.297612,27.849497,-2.8085756,0.8741202,-1.9325967,5.335702,10.042049,60.575344,17.030079,53033007202
-0.93926126,6.9426208,-4.597194,-6.504888,-1.453012,-1.9430851,-4.9653907,4.7247744,25.181427,10.490708,53033007203
5.0166297,6.704721,-2.4387085,-3.1423247,0.6756466,-1.4597327,2.135691,12.278646,-2.3838716,21.324625,53033007301
7.0732183,16.742208,19.710537,-1.6189449,2.2364044,13.167035,6.1591754,9.029177,52.839256,18.851109,53033007302
-0.25212154,9.397152,-2.9067988,-7.216915,-0.9042665,-1.1411239,1.4956744,5.389197,28.547358,8.16176,53033007303
6.9220943,5.497082,-1.0985601,-1.630521,3.8541152,-1.6148958,1.3010473,13.23803,-2.8131213,14.945679,53033007403
4.629683,6.5757756,-0.06259674,-2.8506644,2.8956864,-1.0283847,1.5017099,12.220974,-2.9226274,19.249657,53033007404
3.117416,3.1133072,11.577154,1.7273774,-2.1941593,-0.7352061,-6.029903,9.0405,-3.8134532,23.643373,53033007405
6.4619384,6.100177,-0.2386328,-4.009657,0.100713,-1.3688483,2.8412704,13.810441,-1.1346954,17.470444,53033007406
2.1196713,9.583036,-5.9909444,-8.5647545,-2.0450873,-3.5017774,1.2572936,9.741019,23.168331,15.229047,53033007501
1.4702152,5.9307146,10.969092,-7.5522776,-3.157037,-6.653785,-7.8840566,7.455737,22.797617,18.084368,53033007502
3.3523922,11.038013,-2.4690332,-2.7120697,3.2428956,-4.2673492,5.616347,14.042268,31.807453,14.175888,53033007503
-0.8652266,0.69796884,0.96543187,-0.1833255,0.17180112,0.8319515,1.6422484,-5.9240503,-1.4908416,0.30488005,53033007600
-4.045864,-1.7204747,-2.5297768,-3.413201,-0.42187366,0.83630687,2.25471,6.07473,-2.9512734,2.6542842,53033007700
-1.0190475,-0.8162706,-2.3623161,-4.0826073,-1.129235,5.3819494,-0.9470142,0.03481276,-2.7867742,7.56752,53033007901
1.9725386,0.5753611,-1.3079365,-2.1718745,-0.23472978,4.00351,2.2623768,-2.1506326,-2.303123,-3.029786,53033007902
4.51719,15.790223,26.19092,-2.5748317,0.3931339,18.275696,6.4368286,8.633862,50.487995,16.35976,53033008002
3.8973231,-4.740638,-1.2396561,-5.1347566,0.1602668,3.880237,0.077278346,-0.79963356,23.186405,5.027649,53033008003
0.56438154,4.5051208,-0.14831786,0.6152282,1.4347674,0.04451973,0.5274364,8.90613,-0.24984507,8.800484,53033008004
4.2898893,10.917527,24.249592,3.3308563,10.761461,-2.750508,3.4396064,7.757492,59.91744,23.900202,53033008101
2.2865129,11.445502,11.573576,11.313408,3.580625,11.527189,5.3160596,7.7759213,58.143047,23.165546,53033008102
5.0935426,8.724256,19.311876,-1.046621,3.073877,-2.061463,5.153993,12.073678,-1.4307178,25.47504,53033008200
5.2079453,7.5748706,-4.1613603,-1.8167984,-0.46608877,-0.60458225,4.887309,15.057995,27.6309,21.949835,53033008300
13.759871,6.381998,0.42135355,0.15735371,3.4379797,1.9690514,2.8423016,17.37219,-0.076772295,27.38405,53033008401
3.4365895,9.788778,-4.053402,-4.922704,-0.38070053,0.007141554,5.394704,13.641314,29.30197,20.680544,53033008402
1.487906,14.411128,21.469006,43.828167,20.797922,18.256002,5.68566,8.012909,85.69743,30.985893,53033008500
0.8378133,9.146078,6.395377,-6.7303495,-3.3751688,0.36679626,2.1140203,9.539927,38.43974,19.97059,53033008600
-0.082577474,-1.9085817,-2.2675912,0.14911535,1.0211439,-0.2513848,3.3414295,5.8685517,-5.052829,-3.5637116,53033008900
4.2311954,10.549284,-3.3576846,10.588178,3.063775,16.71714,5.5065722,13.186388,42.82876,16.024384,53033009000
6.5471277,10.400135,13.550567,85.324196,30.290022,1.0745759,2.8535187,-2.6748738,75.352646,27.205399,53033009100
8.416062,9.273655,22.938255,53.137196,18.65301,13.832482,0.5509741,7.0762997,87.69071,29.53462,53033009200
0.815849,0.7464923,2.112297,-0.27096477,-1.5729859,-0.92350245,-1.3465575,6.2479515,-4.6547217,-1.7840546,53033009300
17.61869,7.130493,4.2415595,5.6877565,11.578486,15.087208,4.520713,27.982092,3.895459,16.509052,53033009400
-0.67241627,-1.2092917,-0.9628901,0.12445849,0.81637216,6.0343213,-0.79687005,-3.5307882,-3.5658295,-2.1004553,53033009500
-0.14161702,-3.7352986,7.152471,-3.2152498,0.17740545,-3.4559045,1.6036897,4.3826776,-2.2146668,-1.2635804,53033009801
0.7749767,-1.5197661,-1.1202624,-0.87101036,0.40478256,1.8058531,0.37897542,-0.50334567,1.3964584,-2.1846302,53033009802
0.21525192,-10.134533,-2.2410579,-4.9402213,-2.2145128,0.42689478,-1.4174248,2.1107597,20.886652,-1.7748765,53033009900
7.2856846,6.7627654,6.425649,38.500957,11.151602,20.79744,9.690603,15.617396,1.4508101,-0.013871724,53033010001
0.2613942,-2.161499,-1.5861288,-1.3069489,1.1912354,-0.13161017,0.7444588,6.8511353,-1.4695003,-3.2934163,53033010002
-0.46508026,-1.1155126,0.4036815,-0.7136513,0.63119316,0.69147134,0.8951143,-2.9788914,-3.0570943,-2.0230856,53033010102
-3.5750813,-2.3379114,0.62458915,-1.0163102,-0.50083715,2.002777,0.91546607,-1.9360676,-3.033381,-0.3710473,53033010200
-0.8340967,-0.56100214,0.11758158,-1.1618018,0.553703,0.917016,0.4212325,7.378513,-1.8657578,-1.385453,53033010601
1.9943359,0.28335866,0.100025,-0.314667,0.5845242,11.18218,3.1846166,-3.531175,-3.9741318,-3.1412854,53033010701
2.782917,-1.1366384,-1.2876326,0.06495356,-0.3028106,9.951586,2.3776777,-2.3696196,-3.6423848,-2.770299,53033010702
-1.1334805,3.1605945,-0.093060605,0.09998233,1.4438503,-0.0698557,1.0154063,6.3915715,-3.7287197,-0.2881136,53033010800
14.295072,-2.2951615,-3.5621405,14.196483,1.2335827,7.1427207,0.9952642,7.4827704,-2.7462106,-1.4627535,53033011001
3.292031,2.3113627,8.714251,3.2066138,5.172462,9.719442,-0.7325825,10.853624,-4.7216144,-3.250761,53033011101
3.0292804,0.5156369,1.9298097,-0.046477277,0.6603028,9.114741,3.189075,3.3070881,4.8198647,0.32006478,53033011102
1.1237406,2.0354507,-1.2640848,7.5507226,1.7585931,0.31359494,-3.4703057,8.127805,-3.5129876,-3.6840014,53033011200
2.5027442,-1.7043638,-2.9131994,0.5515878,2.7783847,-0.007211373,2.5453827,8.777002,-2.8802807,-1.0706186,53033011300
1.0022225,-2.7310457,0.183962,-0.6298321,-0.91716397,3.5549023,-0.51142895,6.3115296,-2.5099623,-4.070433,53033011401
1.822638,-1.9772896,-0.90430516,-0.5675566,2.334299,0.20424068,-1.258065,3.781625,-3.1031146,-2.7686362,53033011402
1.4466038,2.003113,-0.598749,-0.7070366,-0.073654726,-2.0178287,0.7633686,-2.551843,-1.5205841,-0.5843031,53033011500
-2.2721844,-2.431958,-1.1093665,-1.2709427,0.83369255,-0.70637,0.9098037,7.2167344,-2.275481,-1.2540739,53033011601
0.58804077,6.1010303,1.6906509,-0.4959052,-0.051622845,-1.4931276,0.72635776,-8.786485,-1.3065504,-0.9672664,53033011602
-0.51616174,-1.5563048,-1.2507372,7.94166,0.50149167,2.8745596,-2.8264728,5.4029717,-4.797886,-5.2396975,53033011700
4.7100596,-0.39547876,9.382949,7.44038,4.043086,8.146627,-1.0172203,8.227204,-6.3561354,-1.3159599,53033011801
-1.5873383,-16.0942,-2.111842,6.4445186,2.1679764,10.375835,-1.489312,2.8451097,38.47756,-3.2589717,53033011802
-1.5933152,-3.722713,-0.85493606,3.0787754,1.1384025,0.34290963,-0.7165854,8.769307,-5.2368116,-2.8133805,53033011901
7.388547,-0.27263042,4.823278,6.7006702,2.9789057,15.173807,2.68474,8.548491,-2.8599985,-4.252468,53033011902
0.9597315,-3.3851528,0.64611095,-1.4428238,-0.029120099,-1.7659581,0.33228615,-1.0743076,-2.1297355,-2.6847548,53033020100
0.034397367,-1.956263,0.6628577,-1.8254181,-1.2146908,-0.31547362,0.63226926,-0.5660584,-2.2658532,-2.6991065,53033020200
2.7191093,3.740485,-0.46113124,-1.0516932,3.9032776,0.47399417,-0.7819255,8.804536,-1.3674272,-2.684574,53033020301
2.733656,-1.4935763,0.64670837,0.22731851,3.9038017,-0.5308911,1.7907517,6.866671,-2.7270594,-0.0857999,53033020302
2.3570676,-1.6390897,0.17421764,-1.1792477,3.1390498,-0.12624724,3.02241,7.6276646,-0.1279372,0.24900131,53033020401
0.43719023,-1.7651405,-0.042227678,-1.9548278,-1.2810922,-1.3464725,0.6856942,-9.10103,-2.756228,-1.8268654,53033020402
0.09140736,-1.3237592,0.21287724,-1.6743013,-0.9583687,0.008792251,0.4717997,-0.22007488,-2.0739117,-2.1524482,53033020500
-2.8764927,-3.4504907,-0.5385226,-2.1451197,1.7801217,1.3558724,0.6587329,6.0660663,-3.7549183,-1.6281499,53033020600
1.4504248,-1.3205923,-0.017199965,-1.880986,0.7674837,2.137799,1.5642968,-1.7483866,-3.6673856,-4.1911373,53033020700
-4.3646793,-2.3118272,0.16993308,-1.9429308,-1.9908165,-0.91386527,0.507435,6.7290864,-2.7261264,-2.3706431,53033020800
0.69964707,-2.9616323,-1.8972503,-2.379047,0.9539401,0.006463371,-0.6765254,9.053863,-3.1719437,-4.0445285,53033020900
0.7528842,-0.8371308,-1.0843002,0.3073466,1.7337875,4.1808324,1.0212991,-2.9291723,-3.8532333,-3.0047257,53033021000
0.41520533,-1.7285374,-0.74872035,-1.5048311,-1.2351724,-1.6677195,1.0006733,4.0714536,-1.6804681,-2.394141,53033021100
3.0430129,-2.2181377,-1.4918312,-2.5032153,-1.9405581,-1.2423916,1.9802179,0.60096335,-3.0217047,-3.7836382,53033021300
-4.569451,-2.4096687,0.43276513,-0.84312165,0.1318112,-1.2207766,0.14561656,-6.453199,-2.718029,-2.0396457,53033021400
-4.79712,-3.628786,0.007848342,-0.7978785,-0.23038483,-2.236935,0.12925765,-2.794394,-3.0071027,-2.5620897,53033021500
0.21525562,-1.5960298,-0.2074453,-1.3843092,-1.706815,-1.1670732,0.23243465,-8.896687,-1.8292743,-1.9178249,53033021600
-5.1841326,-2.409045,-3.5693674,-1.9850987,-0.51174927,-2.2863252,0.01965218,1.3960072,-2.4137928,-0.76793164,53033021701
3.0404973,-3.1061532,0.4488236,-2.1014404,-0.9848662,-0.7562609,-0.29365668,-8.441459,-2.1245708,-2.9962513,53033021702
-0.44477138,-1.4927295,-0.01887633,-2.072334,-1.3557669,-3.7168531,0.36383542,-0.0043960554,0.4064587,-1.5287628,53033021802
-0.11987132,-2.2020774,-0.8079224,-0.90019524,-0.9445463,-3.0868251,-0.2920483,-1.6320881,-1.2143803,-0.8496224,53033021803
1.152562,-2.8706021,7.56183,-1.5850949,-2.021588,-3.5582345,0.71430767,-1.6686466,-4.1296544,-3.6461213,53033021804
1.8438498,-2.6894631,-0.9970779,-1.7513946,0.9620559,-0.8921821,-0.38266635,-3.4081776,-3.7118235,-4.047059,53033021903
-0.72747743,-2.4647746,-1.3699691,-0.6449117,-1.5129663,-2.6655517,0.525408,-1.6356882,-3.604098,-2.3579013,53033021904
-0.042845547,-2.1852553,-1.2952421,-1.393352,-0.28987354,-1.649913,1.8526964,-5.1439686,-1.9688854,-3.3821592,53033021905
-0.22969867,-1.7703758,-0.09436442,-1.4067161,-0.10653441,-3.043638,0.0048150197,-3.5113852,-1.7326103,-2.9507668,53033021906
0.3893916,-0.7874415,-0.9636682,-1.6018459,-0.16429517,-1.5788654,0.79774475,-6.164593,-1.5388683,-1.7450125,53033022001
-0.97573864,-1.0360407,-0.66182923,-1.3539861,-1.0930198,-1.3329116,-0.56557053,3.3995118,-1.8409878,-1.7045333,53033022003
2.155146,-1.4615307,-2.992393,-1.7430356,-1.82656,-2.9984426,0.76168734,2.475744,-2.1044443,-0.20264727,53033022005
1.0708503,-1.1865302,-1.5273072,-1.9620434,-0.55008966,-2.841447,0.45200017,-3.4548104,-2.2004035,-0.5050368,53033022006
-5.2336206,-3.5908928,0.2149105,-1.6382762,-0.37815815,-2.202529,0.3174513,-0.20548502,-2.874322,-2.7361257,53033022101
-4.330145,-2.9196372,-0.22470975,-1.9761629,-1.3672347,-2.9582195,-0.1680162,1.4465154,-2.7408648,-3.0515625,53033022102
0.6317804,-0.50510776,0.82304657,-1.5257214,2.0144472,-1.5852672,0.7286881,-9.759952,-2.5800698,-2.5463684,53033022201
-0.6260996,2.7869868,-0.87859607,-2.2838356,-0.7046318,-3.0636287,-0.3048027,-6.0849786,-1.0937821,-1.8910046,53033022203
-1.000166,-1.3320109,1.5317966,-1.6215973,0.19087745,-1.4648751,0.5962634,-2.8181396,-1.6712842,-0.5333549,53033022204
0.84265643,0.25271672,-2.0570202,-1.6362178,-0.46378478,-2.9766529,-0.42719454,-1.0445971,-2.3804672,-3.3403664,53033022205
-3.8121767,-3.1910334,-3.8671043,-2.4005349,-1.5421891,-2.2792912,-0.24556905,-6.1173816,-3.4115365,-2.8383076,53033022300
-3.0985727,0.5181667,1.3850058,-1.0686771,0.16626795,-1.0399457,0.8284514,-9.372015,-2.354249,-1.3627272,53033022401
-0.76433164,-1.7445914,-0.54740375,-0.33704033,2.3929098,-1.1767833,0.67481565,-8.919386,-1.7149872,-1.2923967,53033022402
-3.663173,-0.0542987,-1.2611471,-1.3605068,-0.019364636,2.313376,1.7938167,-9.988979,-0.6250954,-2.3611002,53033022501
-3.5979986,-4.0432053,-4.015076,-0.054042343,-0.526055,-1.8958598,-0.5050846,-12.316128,-2.30074,-2.2807436,53033022502
-3.270284,-0.8236372,-0.043572918,-1.1092036,0.46349147,-1.6787406,-0.24250026,-8.242992,-1.3667887,-2.2266943,53033022603
-3.249945,-1.772447,-0.46789327,-0.9229789,-0.42061725,0.56941223,0.32288888,-10.364139,-0.8215685,-1.8512857,53033022604
0.669947,-1.9480225,-0.8144357,0.05967245,0.9550405,-2.555415,-0.18006851,-8.822626,-5.1425724,-3.3191895,53033022605
-0.68856764,-1.0475298,-0.91845727,-0.8460675,-0.26272872,-1.8370795,0.3738991,-9.180535,-1.9612305,-1.0063792,53033022606
-4.544078,-0.16196586,-3.6444402,-1.9189751,-0.9407955,-1.5777978,-0.37377104,-14.642633,-2.5974326,-2.885258,53033022701
-4.6301727,-2.8739438,0.6004942,-1.8086076,-0.99512666,-2.7483149,0.2192984,-13.019808,-3.3717668,-1.5392047,53033022702
-3.6617656,-3.2359288,-0.008451349,-1.6392677,-0.74223995,-2.63861,-0.94342464,-10.932884,-2.8617566,-3.3270948,53033022703
-3.5960157,-0.21239153,-1.0930235,-0.6095677,0.13862826,-2.6627715,0.7129205,-8.776348,-1.9911746,2.070518,53033022802
-4.5974603,0.78813356,-0.66477597,-1.4195669,-0.7104111,-0.12852612,0.08660321,-9.884705,-2.6777906,0.12701787,53033022803
0.7868657,4.615994,-0.978091,-1.0101967,-1.100822,-0.9737944,0.09879285,-11.938629,-2.485387,-0.7345407,53033022804
-0.0006040854,-0.36313176,0.47152963,-0.11845048,0.8467309,-1.5552249,0.9341696,-9.8151455,-2.4687595,-1.5789144,53033022805
-2.2408261,-2.9433484,-0.9783331,-1.6285864,-0.038076524,-2.562034,1.2253631,-10.625918,-2.2082038,-0.4498182,53033022901
-3.0834403,-0.39578685,0.23897028,-2.1207001,-0.60211843,0.16175011,0.47452655,-10.197411,-2.5629098,-1.347125,53033022902
-2.3090408,-0.07386393,0.33801416,-1.285908,-0.14563876,-2.0672493,0.07771936,-10.729603,-1.977823,-2.0998325,53033023000
-4.732219,-0.6364572,-0.65070087,-1.3429455,-0.72440517,-1.6977719,0.3044004,-6.060448,-2.6504798,-0.67044985,53033023100
2.017449,-1.0699146,-3.2366138,-2.2433498,-1.2230304,-3.4683652,0.54872185,-2.8948896,-2.9430232,-1.4379824,53033023201
1.3507537,0.3344069,-3.1682003,0.24519673,-1.1514755,-1.0928713,-1.0970204,-5.1320467,-4.9213815,-3.7013607,53033023202
-0.6013429,-2.7057858,-2.249199,-0.78686076,-1.5496613,1.4636183,-0.3932015,-2.1573286,-3.9176998,-1.6845896,53033023300
-0.3381593,-0.7828621,-1.0393007,0.29113308,1.0944402,1.3141339,1.384248,-5.792893,-3.0692158,-1.6312851,53033023401
-1.1364087,-2.104675,-0.6194465,-0.30824012,0.2979686,0.41756004,0.6726806,-9.616038,-2.6637366,-0.7629801,53033023403
-0.72139066,-2.8656073,-0.25204352,-1.4479516,0.3435037,-1.0661361,0.5039636,-9.875658,-1.1157101,-0.8310617,53033023404
-1.8543154,-2.1920338,-1.9535044,-1.0792723,-0.36735138,-0.43891758,1.6431303,-6.4163747,-2.3119292,-2.2711053,53033023500
-3.052008,-2.7676828,-0.68490076,-2.735756,-0.8450662,-3.142023,1.9613109,-8.206576,-2.9078941,2.273373,53033023601
-1.4042096,-0.50233406,-0.5481137,1.0539726,-0.09919415,-2.882104,-1.2340572,-3.1405904,-5.975533,-2.3093648,53033023603
0.7446678,-2.8723373,-3.0539095,-0.80327815,-0.019833514,0.6156716,0.3695855,-11.442787,-3.139429,-0.2792466,53033023604
-1.3674294,0.39439297,-0.6409847,-1.1456366,2.0147727,-1.8076761,1.097354,-10.005984,-2.022487,-1.5605178,53033023701
-0.6770231,4.1023545,-1.642105,0.150826,0.39377362,0.33823717,1.167728,-13.409052,-2.3505929,-0.46511722,53033023702
-0.4663416,-1.0361241,-1.2208616,0.57915395,0.30061427,-0.9095167,-0.7180389,-7.596724,-4.8080196,-3.3397088,53033023801
-5.5486193,2.6850529,-5.6042175,-2.655117,-0.9319595,-3.497757,0.9429833,-16.928312,-4.8416166,3.7002082,53033023805
-4.3425565,3.1176727,-5.212902,-4.486629,-1.1615496,-1.6477402,-0.4715393,-19.396137,-4.9552455,6.555609,53033023806
-5.865157,2.7168047,-5.23182,-2.0157645,-1.0989132,-0.28789085,-0.5599561,-19.680084,-4.454529,4.934958,53033023807
-1.2226369,0.9515746,-5.6090035,-3.1674807,-1.6860996,-0.8841919,0.35350913,-19.95058,-5.146432,5.6196785,53033023808
-0.15245643,-1.796355,1.9870331,-1.66307,-0.38454896,-1.5034021,0.6512127,-2.610822,-1.6865895,0.31421632,53033023901
-5.0555534,-4.8413877,-1.1068622,-1.0090934,-1.3171096,-1.1665083,-0.49307796,-11.406045,-2.4983382,-2.4661982,53033023902
-4.2313123,-0.64130896,-3.8977172,-2.4434497,-0.8375511,-2.0522387,-0.24855864,-15.412662,-3.7302232,1.5487951,53033024001
-6.205811,-0.6127751,-2.8716536,-3.898625,0.6035581,-2.5222712,-1.2071501,-16.145155,-4.269641,3.8459973,53033024002
-3.5001254,-2.6987789,-2.5825076,-1.956869,0.55267805,-2.1229348,-0.46627098,-13.272353,-3.09102,-3.1099484,53033024100
-4.065944,-2.2733715,-1.4389791,-1.9645352,-0.17546986,-2.0087621,-0.17147094,-12.35368,-4.5796576,-2.2702453,53033024200
1.3897419,-1.2085027,-4.979294,-2.6929507,-1.36143,-1.047498,-0.02184283,-14.924121,-2.8461971,-3.5791807,53033024301
-2.3344991,1.9137774,-1.2877389,-2.009238,-0.49028698,-2.9455066,0.27357367,5.0182095,-2.6279387,-0.26820463,53033024302
0.26073393,-0.17154483,-4.846123,-2.1540506,-0.7112595,-3.68994,-0.18214399,-15.663714,-2.5382097,-3.7689981,53033024400
-5.246675,-3.2177596,-1.195755,-2.138986,-2.518714,-2.5357845,-0.1412284,-10.671958,-2.0607429,-1.6288109,53033024500
-2.7997541,-1.3310591,-0.14606865,-0.33347425,0.91140807,-1.4080079,0.39802477,-11.805335,-2.728687,-1.6932299,53033024601
-3.7125964,-2.5184538,0.5200751,-1.6546291,0.95759696,-1.7513596,0.91482097,-9.438549,-1.7573174,-1.8342407,53033024602
0.78554046,-1.4934065,0.056630846,-1.3721521,-0.8354734,-0.6032345,0.98103315,-13.472125,-1.9650075,-2.595648,53033024701
-3.045855,-2.4649773,0.69119084,-0.87993914,-0.49361524,0.10694437,0.035742454,-10.10974,-2.4599602,-1.6025256,53033024703
-4.0942726,-0.33261624,0.69596684,-1.551691,0.04168577,-1.0058923,0.22148003,-9.862087,-2.5538356,-1.6389228,53033024704
0.53385675,-0.27090517,-0.31258047,-0.5155556,-0.41671932,-1.5853696,0.48045167,-7.579027,-1.473564,-0.5194302,53033024800
-2.209355,-0.98927295,0.020469116,-0.1304537,1.6949707,-1.0380713,1.4971672,-9.853381,0.9981202,-0.567952,53033024901
-1.6839967,-0.9086576,-0.44892374,-0.9025871,2.7589467,1.4517205,0.5073086,-10.750637,-0.861484,-0.61425567,53033024902
-2.9944646,-0.6072885,-0.26126578,-1.0819885,1.5979252,1.9532858,0.08145584,-10.681384,-2.2225547,-0.5478945,53033024904
-1.2429874,-1.9541487,4.4537444,-1.9790689,1.9274572,-1.4795139,-0.088891774,-11.391912,-1.8302628,-0.7713237,53033024905
-2.9357724,-1.1146988,-0.41112766,-1.4311657,-0.26756513,0.7028505,1.0123267,-11.693224,-2.3657832,-1.5440141,53033025001
-1.8500128,0.25357422,-0.3417629,-0.94170713,-0.3104285,-0.56313986,0.28404427,-8.986498,-1.8640993,-1.1929959,53033025005
-1.9098788,-0.046898317,0.7487286,-1.0092165,-0.37940556,-2.2859554,1.4155403,-5.6812196,-1.5093391,0.15876919,53033025006
0.6889548,-0.58433384,-0.29013258,-1.2717031,-0.35572731,0.17534362,0.28048834,-11.492021,-1.2891709,-2.1093354,53033025007
-3.5637472,-2.0766523,0.39264745,0.55962545,0.7309669,-1.115685,0.68842494,-10.662456,-1.3522238,-1.2181834,53033025008
-0.3331406,-0.72472984,1.5140879,-1.8355135,0.6784948,-1.5160092,-1.8679113,1.5829738,-1.6023123,-3.4795454,53033025101
-0.522271,-1.6575786,0.39711276,-2.0894065,-0.6272577,-1.1955718,0.8007378,3.9779491,-2.7215354,-2.603917,53033025103
-0.4147817,-3.39267,-0.08154677,2.191078,1.3439571,0.9636507,2.3643596,-6.640044,-4.611423,-2.410991,53033025104
0.37554482,-1.865733,-1.6364546,1.4130108,0.34609362,0.50061643,-1.0994853,5.3448944,-4.4128947,-3.6379647,53033025201
-0.024963656,-1.5817759,-0.1539608,1.9613668,-0.5076724,-1.0615627,-1.0404667,5.8795743,-5.67204,-0.86869025,53033025202
24.558004,7.3140187,-0.30314523,2.7630424,2.545465,3.8144407,-0.6483432,6.9772973,-4.5510073,0.62405366,53033025302
1.1926073,1.2272625,-0.22034894,-3.7642217,-0.64110774,3.295061,-3.5010185,5.9473147,-5.265483,-0.10056272,53033025303
0.7931771,-0.21799918,-0.20350468,-0.52566266,-0.08930977,1.3064176,1.479377,-7.536933,-2.000621,-1.7663934,53033025304
1.9263191,-1.397629,-3.7386324,1.6315812,-0.70411867,0.38502514,-1.9381063,5.6764956,-7.3523183,-2.0003579,53033025401
0.91018605,-0.330667,-0.23343548,2.736126,-1.4640824,2.4306872,-4.3629456,6.215687,-6.1795483,-4.185556,53033025402
1.4980679,-3.0935316,-3.3123875,1.8781978,1.3535261,-0.20551823,-0.86201745,5.140147,-5.580648,-3.6028352,53033025500
1.143613,-1.6664304,0.21758504,2.4444122,-0.7445763,-0.98083025,-1.0473613,5.749089,-6.2479224,-5.4835505,53033025601
-5.5644617,-3.120289,0.065955155,0.70706844,1.717046,-2.0197167,-0.23507713,5.132051,-4.1831355,-2.7860665,53033025602
-0.61879265,1.013827,-0.090407036,-1.2695273,2.0468893,0.2646336,1.8439668,0.62415093,-3.1808727,-2.7613366,53033025702
1.1212811,3.3066926,-1.7889632,2.6975036,0.58485675,4.9842844,-3.318881,5.31121,-5.6196213,-1.5896286,53033025703
0.6767289,-3.3431208,-1.8884865,0.26390833,-0.11091646,-0.4643221,-1.8146045,7.7280536,-5.8723197,-5.157556,53033025704
0.5162222,-3.251497,-1.6291894,0.15663849,1.2255131,2.3242638,2.9027493,7.6404305,-4.2243237,-3.8971343,53033025803
2.0021262,-1.993098,0.108094774,-1.1743726,3.3065686,-0.74106574,-0.5526408,4.5250015,-2.0670774,-2.801166,53033025804
1.1145519,-0.8127508,1.1544492,-0.30553553,1.2873486,2.2963603,-1.6752311,6.7270765,-3.4030035,-1.6110541,53033025805
3.7411106,-1.7800608,-1.8731041,1.136065,2.4864304,2.463974,-0.88353825,7.754693,-4.1925135,-5.1274137,53033025806
4.2102246,-1.2757996,1.0549235,0.83017236,4.4885545,17.126684,7.521142,11.688261,-1.8507279,-2.8668041,53033026001
-0.49566448,2.9921753,2.7706902,5.0233254,0.7683285,4.3172073,-6.827938,3.954065,-8.741565,-3.8967962,53033026003
4.526532,-1.3171569,0.6480669,1.4189204,2.508925,11.1871,6.403457,15.278594,0.9995953,-0.91203433,53033026004
-0.16637991,-1.870935,1.133672,0.7514754,-0.3470169,5.061698,-3.8516247,7.2518835,-6.200561,-0.78432083,53033026101
-0.12360936,-1.780448,-1.0598044,4.589036,1.2145289,5.7736626,-1.9775608,4.826829,-5.608418,-4.390008,53033026102
-0.4438381,0.7487296,-1.5916861,1.2478853,0.9683901,1.8985732,-1.2233487,8.458762,-5.336957,-4.524336,53033026200
-0.117148645,-2.3546429,-1.948832,2.9267359,0.8841548,2.3917654,-0.22526962,3.8288538,-3.970742,-3.7454786,53033026300
1.9768677,-2.0548377,4.396666,8.128532,0.10450794,1.500516,-1.5999949,7.5653014,-6.8911853,-2.7906988,53033026400
2.062063,-0.2652612,-3.3754985,15.117909,-0.0073636463,5.566237,-4.918806,5.453117,-6.9349074,-0.5453497,53033026500
1.3835963,-3.0817492,-1.1465378,-1.1708126,2.9057305,-3.3618298,1.298263,9.065314,-3.8211591,-1.0805082,53033026600
2.2323523,-1.251229,1.3614337,2.508754,2.153298,-0.17840233,-0.69023895,7.8950415,-4.811199,-0.4801247,53033026801
5.0257096,1.3934168,3.6416593,12.917812,3.5243309,1.1586825,1.2111251,11.857185,-3.4714792,1.7557607,53033026802
4.605511,-0.9659254,-0.12592621,8.968983,2.7227793,3.2555053,6.409046,17.972439,-0.5575172,-0.19702406,53033027000
5.682315,-0.60230875,-0.5043278,7.9681587,1.8501345,3.894075,-2.1778991,5.6861014,-6.260234,-2.5438466,53033027100
1.9473093,-1.3416935,-2.4802656,7.843912,2.0191083,3.4829679,-0.17298876,8.131531,-6.0579863,-1.397952,53033027200
3.4845276,-1.1345295,-3.5256531,16.825754,0.87377965,0.44887492,-2.091547,6.685238,-4.802596,-3.8617094,53033027300
3.1465638,-0.2519603,1.9764167,8.353367,4.032058,1.8207346,1.2258434,13.149796,1.5206852,2.0990021,53033027400
2.0681732,-0.73377806,0.14145696,7.270392,5.876558,1.9245155,-0.76245946,13.892276,-1.4135059,-0.4282703,53033027500
3.2705865,0.5052545,0.063690126,6.1659713,4.144621,1.7462642,-0.16430397,9.836671,-3.6078897,1.6731538,53033027600
0.23265907,-0.52614325,0.78974444,0.7840529,1.3921742,2.5989654,7.198087,13.303752,-1.6499019,0.97630155,53033027800
4.3026576,5.0753546,1.642719,2.4472558,4.20386,-1.002211,2.6684732,7.7835326,-0.73894846,-0.3197172,53033027901
3.9244332,2.2968767,-0.60539573,4.6077085,3.3100295,1.6232091,-0.31234956,10.1629,-0.4700925,0.032486714,53033027902
0.37903422,-0.2095945,0.3513288,4.6794925,2.066194,6.564913,-2.7247028,9.53525,-5.810573,-3.018307,53033028000
0.7280858,-1.6879162,0.098052494,4.785007,3.0239987,5.176276,-2.8700683,9.10172,-3.111753,-4.261162,53033028100
0.28046447,-1.6193329,-1.8497938,1.6248096,1.5260599,7.4437747,-2.991671,9.4713955,-2.8610702,-0.7225128,53033028200
1.9275345,-2.1407924,-1.7809284,0.19108073,2.5765948,-3.125536,2.329972,8.93879,-1.3247474,-0.4255398,53033028300
0.4244089,-0.1516865,-1.1516334,2.745405,1.9353396,4.458066,-5.356746,8.809071,-6.1537,-4.2159104,53033028402
0.8984407,-1.6270323,0.9143761,1.554161,1.3988152,5.3131185,-1.3278915,8.313168,-5.5305753,-3.1814055,53033028403
2.002597,-1.1180396,0.4962473,2.6177967,2.0389946,-1.0522928,-1.8620762,6.210291,-3.060656,-4.035612,53033028500
1.1154907,-1.4248173,0.14797084,-0.83262515,-0.6843206,2.012821,2.4389148,-1.5691553,-1.4741422,-1.898802,53033028600
-0.9159798,-2.2017715,-1.8871207,-0.07903175,0.7221818,-1.3438671,1.2372514,7.118825,-3.5365558,-2.3074205,53033028700
1.7395267,-2.919652,-1.5015184,0.5107939,0.32575235,0.021170424,1.7614913,6.332514,-6.154996,-3.4618971,53033028801
1.8367745,-0.4117474,-1.0083194,7.3480787,0.22721726,4.57801,-4.188317,5.763057,-6.1564064,-0.7057964,53033028802
2.6181498,-0.9764906,1.8213325,-1.5621251,3.6450098,2.5845773,2.2951188,10.670832,1.7926067,-0.29275984,53033028901
12.47205,2.0877352,-0.9647488,3.7128823,-1.2568929,5.2573414,-1.8458974,9.828149,-4.629847,-0.6268057,53033028902
1.9107549,-1.0217237,-0.721372,-1.1943637,1.4636306,3.0641055,5.8889213,15.447062,-0.6125208,-0.9257368,53033029001
2.0869782,0.49446288,0.34434596,8.613264,1.713053,3.4009407,-1.2738768,11.267216,-4.653225,0.06422826,53033029003
7.975908,0.6533775,-2.1581912,11.548496,-3.7743406,0.009757429,-3.187321,5.6579523,-6.0670333,-5.425607,53033029004
0.4634709,-1.7246963,-3.5363798,3.749769,0.23238388,5.839871,0.4570213,8.737007,-5.8177357,-4.297205,53033029101
2.0142698,-1.0082335,-1.8866678,7.788853,-0.85901207,1.2243638,-2.3105009,7.4772778,-4.887887,-3.8142204,53033029102
0.8417556,-0.48196557,-3.5959,4.1888733,-0.68384534,-0.5107803,-0.84784716,9.555239,-3.132377,-2.983485,53033029203
-0.9989859,-1.4474845,-2.3892379,-1.6978234,3.1747653,4.6201077,-1.1308815,9.869311,-1.7642877,-3.8745217,53033029205
5.597002,1.3103513,-2.8559263,4.350571,-0.32882634,2.8108225,-3.6304903,3.6401415,-6.1142793,-2.1242547,53033029206
1.09038,-3.0282276,-0.8184574,-0.22128406,1.2042881,-0.50455123,0.86705863,9.757637,-3.8545115,-3.3334928,53033029207
0.09008907,3.8038177,-1.1650109,-0.034100775,1.8186992,3.4283571,-4.525624,6.184314,-5.351931,-0.8252825,53033029208
0.06464002,-1.0820426,-0.40738162,-1.7070879,2.5547554,-0.018055424,-0.31146333,4.785242,-3.310082,-3.657568,53033029304
0.30651507,-2.5028129,-1.9386818,0.12539631,1.8255203,-0.11121427,0.89291656,5.0481596,-2.85187,-3.0324442,53033029305
1.4115206,-2.211317,-3.630378,3.6104214,1.7722386,1.0045816,0.15442409,5.2000184,-5.58762,-3.5544946,53033029306
-0.5886454,-1.6590425,-0.7590075,-1.538731,2.0577774,0.6536035,2.6146452,-0.9935501,-0.9729423,-2.01321,53033029307
0.27657145,-1.627018,0.91387,1.8125193,3.2797973,-2.1159692,1.0708487,2.7425475,-4.4761734,-3.8203597,53033029308
1.4083955,-2.0323744,-0.92266953,-1.8505397,1.2944808,-0.71196455,2.6923563,3.6507373,-2.0170343,-3.5463538,53033029309
-0.21038355,-1.7512757,0.3085644,1.0453713,1.6460598,-0.4550732,-0.7936722,5.7930264,-5.0427876,-3.8848515,53033029403
0.14044851,-1.8906378,-1.229103,-0.1335107,1.9044755,1.2824126,0.013972777,1.8159752,-3.9919984,-2.5336378,53033029405
-0.17757767,-1.618048,0.9929593,2.18397,2.9641771,0.4514075,1.322003,3.4831188,-4.95373,-3.669932,53033029406
-0.16906735,-2.2040324,-1.9948556,0.7997548,2.4799259,4.209594,-0.80704933,7.612076,-6.203147,-3.2569902,53033029407
1.0344425,-1.9654042,-1.6308334,3.8424816,1.4497168,4.138432,-0.65701276,5.7378654,-6.11537,-4.1009293,53033029408
0.06048435,1.2746478,-1.6855896,0.58915925,1.4728506,3.2898095,-2.261064,6.918163,-5.697259,-5.3956275,53033029504
-0.7186651,0.18084444,-4.225151,-1.0024529,1.4555404,4.54422,-3.8255718,9.808055,-1.7813056,-3.5090122,53033029505
0.12208325,4.0610213,-4.2142434,6.4727936,-0.6318994,4.222018,-2.5513892,2.6955004,-7.486154,-4.369148,53033029506
1.3278402,-0.82548004,1.8491322,4.114896,2.99425,-1.2855204,0.029803848,9.194854,-3.850669,-2.4918687,53033029507
-0.8837665,-2.1556513,1.3758003,3.22671,2.1710699,-2.3400528,-0.38993597,5.181487,-4.2518773,-3.1220062,53033029508
-2.2105303,-1.9272842,1.0394824,3.9878814,3.169422,-0.8137244,4.7184544,13.255969,-5.0826745,-0.29674846,53033029603
1.8847401,-0.73507184,-0.059900116,4.2847724,1.9907625,3.9874778,3.3178854,3.3098607,-4.1163435,-0.96137446,53033029604
0.18827368,0.69411385,0.6290496,-0.27984658,-0.23158422,-0.2838636,-0.88432676,8.787316,-1.135122,-4.546131,53033029701
-1.8772249,-1.4878132,-2.3255196,1.4705145,0.98056006,7.6153293,-3.2796762,5.6271663,-1.0081575,-3.5126717,53033029702
2.0621662,0.3341667,-3.2275217,2.0308862,1.1630652,0.603798,-4.595813,3.5540636,-6.4356976,-4.775877,53033029803
-1.8025739,-3.1104422,0.073854074,1.0287037,0.20724052,0.13452548,-1.8861465,6.531795,-5.761997,-5.3981485,53033029804
1.6858821,-3.6246529,-1.6290433,1.4643863,2.4226098,0.99238527,1.1106379,0.03514252,-5.9847455,-3.767637,53033029805
-0.34918532,-2.7043505,-0.09902287,0.8056266,1.8399915,-2.3478217,0.5373049,5.0191007,-5.207246,-4.0881586,53033029806
3.3998218,7.2370644,2.8747926,2.5308409,6.490734,0.5875583,4.44587,8.201484,-3.1196012,-2.6474159,53033029901
-0.79762137,-0.6247075,2.4121218,1.6211585,3.0408423,1.093062,6.217491,17.542658,1.1616243,-0.014041847,53033029902
0.99237394,-1.3202928,-2.1405718,0.8267908,1.4652208,-0.49078834,-1.5707179,6.5301213,-4.55777,-4.76585,53033030003
1.303861,-1.8595119,-0.8052878,3.7138028,-1.5539256,-1.1704844,-2.438447,4.0939503,-4.7001357,-3.4521048,53033030005
12.80577,1.6636374,0.33896175,5.1076546,2.9192576,7.009596,-1.9452797,12.482155,-5.5374317,-0.69716483,53033030006
11.033736,-2.812207,-4.088671,2.8484616,-2.224098,3.109871,-5.976572,4.8071647,-7.099767,-4.272001,53033030007
-0.49829513,-2.3550467,-1.7895728,1.05264,1.3320346,4.3342533,-0.84724987,6.847168,-6.584423,-5.0172057,53033030008
0.9254349,-3.0657768,2.9189365,-3.894174,0.5976329,0.8060533,0.5890262,6.325884,-1.5452844,-5.7734246,53033030101
0.3017258,-2.6195714,-3.7767236,-2.2470236,-1.7459308,-1.5766441,-0.90491325,11.245156,-3.6228068,-2.3347793,53033030102
0.10085726,-2.5672252,-1.1553692,0.95483047,-1.009877,2.026033,-2.040623,6.533488,-3.9189677,-4.0842257,53033030201
1.9045454,3.0729272,1.712954,2.4315865,5.6907725,5.367961,-0.704677,12.505732,-4.8394933,-1.2548931,53033030203
0.7424622,-3.2098072,-2.4286692,1.9059837,-0.27932048,-0.13533564,-2.1399496,7.30672,-6.1580997,-1.9723614,53033030204
-0.0958023,-1.6401922,-1.7365783,-0.5308074,0.81094885,3.9358761,-2.7727125,6.8839564,-2.9643323,-1.0853385,53033030304
1.3087658,-1.8834985,-1.2828616,-2.2548337,2.4243023,-1.4220816,0.6346975,3.2681289,-0.8002927,-3.3586042,53033030305
0.4668356,-4.5353017,-2.109507,0.6306743,2.4863968,-0.8000339,1.467788,7.3400326,-3.671918,-3.8092597,53033030306
0.22497003,-2.4242876,-2.1289952,2.7379558,1.3888359,6.3657427,-2.1189802,6.2583537,-6.028752,-4.4533796,53033030308
0.21548338,2.6943102,-1.537902,-1.6981196,-0.36803716,4.7769504,-2.6267776,6.576529,-2.9178417,-4.02105,53033030309
0.19364057,2.128813,-0.69193804,0.04293074,1.3105779,-0.1973106,-1.0141063,6.5105915,-4.46629,-3.1281176,53033030311
19.930902,2.1076152,-0.49951467,1.7558024,-0.68068624,4.2582936,-2.1853755,9.885039,-5.5394597,-2.6442459,53033030313
8.808994,-0.61456686,-0.52200234,0.07996488,2.204724,5.0880046,-0.22348009,12.066767,-1.1198286,-0.5301931,53033030314
0.30324405,-4.1412854,1.4475392,-1.2857517,2.2557876,0.48265192,1.0854828,7.595961,-3.6522639,-3.4235716,53033030403
0.08296366,-2.947834,-0.37555814,-0.9868757,1.6927538,-1.1847359,1.1389531,7.7406135,-3.125836,-2.237643,53033030404
2.225561,-3.9878259,1.2900318,2.5495317,1.2141627,-3.2050886,0.94253826,7.856789,-4.8377795,-3.8581676,53033030405
1.6491386,-2.6366584,-0.88055503,0.19313915,1.7679722,-0.9042984,-0.4964498,6.040885,-2.9141617,-3.3375053,53033030406
4.504386,0.04116463,-0.4487044,6.490762,1.2337162,6.1500645,1.3381139,10.311174,-4.2185493,-2.4362156,53033030407
19.544683,4.74367,10.614946,1.3895354,0.5006866,1.2420516,-4.5166264,7.79671,-5.06153,-3.1343086,53033030501
-1.0805931,-2.6591995,-3.246677,1.5539132,1.603211,2.930737,4.148574,6.556189,-3.984742,-3.0945077,53033030503
-1.4143447,-2.4158037,-3.956532,0.931693,-2.322815,3.870752,-2.0466487,8.707197,-4.491566,-4.138352,53033030504
0.6924487,-2.0617456,-1.2940567,-0.58340305,-1.9748,-0.4409735,-1.7664082,7.5317307,-3.739569,-2.7825468,53033030600
2.0163014,-1.0721896,2.040013,4.736304,-1.8544729,3.652518,-1.2479645,10.31195,-6.5664268,0.07112985,53033030700
2.3985372,-0.533935,-3.5437388,14.755065,-2.2171829,2.5261095,-1.4221486,6.963798,-5.5102177,-1.8020418,53033030801
2.123712,0.08873563,-1.7906854,5.2886286,-0.6341649,0.70134974,-0.5557533,10.051458,-3.8138616,-0.48708752,53033030802
1.1150105,-1.7504474,-0.74392146,6.3794446,-1.7203166,2.4059181,-2.28254,6.195752,-4.984867,-3.7874844,53033030901
1.4675434,-2.9862611,-1.605718,-0.89682484,1.1843112,-0.27718693,0.26892477,7.002883,-3.3716033,-2.7808604,53033030902
-1.138928,-4.6608067,0.168552,-2.0360343,-1.4075521,-0.6172892,1.4752815,8.69574,-4.050137,-1.4008031,53033031000
0.9597685,-0.77595747,0.34580368,0.5600265,-0.64412576,-0.30781823,-2.261576,7.9450374,-5.4263062,-4.5983233,53033031101
0.97329885,-2.3751016,-1.8803451,-0.63067853,-1.6974196,0.13804534,-1.4047953,7.2396655,-3.3979084,-3.7477863,53033031102
1.10913,-0.5883333,-1.7634567,2.455991,2.9589512,-0.3809057,1.951361,-1.0901881,-4.134476,-1.1129771,53033031202
-0.4063106,-5.46426,-0.357672,-1.3482777,1.7004815,-2.1787057,0.4684028,7.3740788,-4.319173,-3.2323754,53033031204
1.1340244,-1.4406898,-2.0164306,0.73885465,0.90580827,-3.653182,-0.94364125,7.306889,-5.342516,-2.683629,53033031206
0.96730673,-3.271197,-2.3397436,-1.1069431,-0.65190953,-1.8041135,-2.1035328,9.087803,-3.4894838,-1.5334371,53033031208
0.34514934,-1.8102409,1.0918628,0.39517424,2.0780127,-2.0058875,0.62865525,5.097825,-1.2546389,-3.280586,53033031301
2.886342,-0.6243635,-0.5953072,-1.5380732,3.3368907,-1.862225,0.61913496,-0.67652416,-0.5127382,-1.868636,53033031302
-0.7074869,-1.4704351,-1.2243781,-1.4169985,3.3229213,-1.3528221,1.1825321,3.8231091,-0.89386237,-1.5476508,53033031400
2.8166347,-2.0072637,-1.0388387,-1.5006223,1.9964042,-1.8238108,1.3124071,-9.4331875,-0.26543665,-0.51836467,53033031502
0.8822179,-2.719404,0.18092729,0.6095652,1.9458141,-2.4577434,1.1131033,-2.6913402,-3.4957697,-2.4587622,53033031601
-0.4243881,-2.893377,0.5473336,-0.34678963,0.7057272,-1.2947704,0.037615743,-5.68101,-2.8902378,-2.0184581,53033031604
-1.2577814,-2.2785814,-0.81887376,-0.6558477,1.7501849,-1.6611321,1.564736,-1.8388386,-2.9227138,-1.4871179,53033031605
0.4465196,-2.475131,-1.0668377,1.7653197,2.6516376,-0.6634349,-0.31947932,1.6476252,-5.365196,-3.2779124,53033031704
-1.0390408,-2.5805655,-0.5587766,1.7900978,1.0620172,0.58085716,0.98090625,-1.6894693,-5.322217,-3.0367,53033031705
-4.629016,-2.7247756,-3.0122788,-1.3510025,-0.7134589,8.925123,1.0233891,5.9718385,-5.7409105,-2.419574,53033031707
1.6869154,-1.4473232,-1.0725197,0.12506782,1.6314336,-0.42745936,0.13388124,-2.0803556,-3.2261312,-1.3717666,53033031708
-0.42266664,-2.6117253,0.4945691,-1.4257286,1.2163929,-2.066939,1.4057239,-2.0971956,-2.865842,-2.1165354,53033031709
0.6291435,-0.98446405,0.70250773,-1.0053371,1.720544,-0.37444824,0.3760842,-5.258999,-2.414933,-2.3727646,53033031710
-0.6293885,-2.5786295,-0.078999415,-0.70951957,2.2595053,0.8447543,1.7833133,-1.653532,-2.6762528,-1.4480895,53033031800
-1.1151898,-2.3480685,0.3449184,-1.5327408,0.8585068,-2.5558932,0.6710697,4.489604,-2.5602415,-2.460012,53033031904
0.5930651,-2.0195873,0.28375575,0.5668703,2.161146,-2.2913463,0.35665405,-1.3818436,-3.7999346,-2.3082986,53033031906
1.0752168,-2.0500262,-2.8069334,-1.2112302,1.7512823,3.1161757,-0.10490118,-1.5279927,-3.7858398,-4.121364,53033031908
0.9101956,-1.5590383,-0.3965398,-2.716298,0.9912557,3.276853,-0.82035047,-1.8793701,-2.2334526,-3.2382166,53033031909
0.8219249,-2.432973,0.3623215,-1.650422,-1.1912831,-0.20879436,1.7302433,-5.110631,-1.7235978,-1.9382876,53033031910
-1.8088958,-2.2154772,-0.4381664,-1.7724832,1.5720308,-1.3491154,0.29069018,3.4349706,-3.1584382,-1.6384226,53033031911
3.1660247,-2.8556883,0.48471928,1.8782513,2.0475953,-0.8491575,1.4936742,-9.591557,-4.824912,-2.3485663,53033031912
-4.2736006,-2.5134566,0.77120554,-0.93912226,0.9541929,-0.4280081,1.3257362,-2.1383655,-3.206854,-2.1021693,53033031913
0.5283659,-1.6262646,-0.86424214,-1.5161068,2.5914996,-0.74871427,2.0552382,-2.623286,-1.9829296,-2.5783012,53033032002
-1.3538256,-4.200069,-1.2627759,-2.2726588,0.1589186,-2.7976234,-0.26879624,-10.547055,-3.7109234,-2.3676844,53033032003
0.6752022,-2.6534657,-0.63878846,-1.3643597,1.794889,0.49445978,2.0631065,-1.8173527,-3.8319077,-2.7143734,53033032005
0.74249256,-2.4666195,-0.48036483,-1.4701997,1.5358535,-0.1727604,0.52813965,-1.0026169,-3.2042935,-2.668557,53033032006
-0.54267615,-2.8573937,-2.3118684,-1.4382105,1.686188,0.8875373,-0.9536962,-2.0337572,-3.222404,-2.992344,53033032007
-0.47071043,-3.5513394,0.40010673,-1.5439247,1.8115983,-1.7142955,0.5119852,-5.79002,-3.404896,-1.7664254,53033032008
-0.28532085,-3.1652915,0.26469338,-0.7512945,0.7237086,-1.2445823,0.45784935,-6.6114397,-2.4834416,-1.4057773,53033032010
-0.94384325,-3.1886754,-0.9445449,2.080743,0.8617562,-1.1143838,1.0439615,-6.445371,-3.732286,-1.919202,53033032011
-4.3287883,-3.4149222,-0.8434798,-1.7787875,-1.7285019,-2.668956,0.62889594,-10.255475,-3.2714436,-3.1481051,53033032102
0.49605483,-3.6371925,-0.78642946,-2.5631773,-2.1203446,-2.7392704,-0.10277426,-10.913367,-2.2660618,-3.9969752,53033032103
-0.08349342,-1.0782157,-0.6186124,-0.68852484,-0.012650015,0.9820696,0.39431292,-3.6676621,-1.7527463,-1.7380145,53033032104
-3.7035787,-2.4264843,-4.4391813,-1.9193585,-0.4579894,-1.9942788,-0.25376147,-11.978346,-3.4366813,-1.7206495,53033032207
-2.6532986,-1.8976254,0.38715807,-1.0638446,-0.052477624,0.79473156,-0.80448455,-10.723507,-2.6157773,-1.3282866,53033032211
-3.465515,-1.9514742,0.86432314,-1.3524084,0.36427405,-1.6188613,1.3864999,-10.81593,-2.2471902,-1.699881,53033032213
-2.842091,-1.7695205,0.27343202,-1.6190839,1.102067,0.16410662,0.8230059,-11.406085,-2.2407873,-1.594206,53033032215
-4.1460643,-3.3685024,-1.9378774,-1.4900062,-0.12034682,-0.9755216,1.0850161,-15.40295,-3.5787334,-1.23596,53033032216
-4.9184513,-4.0981503,-1.0031295,-1.2802677,-1.7929227,-1.9177644,-0.5499882,-11.991646,-2.4844508,-1.6186215,53033032217
-4.3503804,-3.2974567,0.26638386,-1.7833107,-2.0387702,-0.90572286,-1.5581592,-10.768549,-3.288416,-2.6044111,53033032218
-5.152447,-3.9190357,-1.0920457,-1.4605414,-0.84846705,-2.3784049,0.16082181,-9.119787,-2.696565,-2.9681525,53033032219
-1.0390452,-2.9774656,-0.42580166,-1.6594062,-0.26038396,0.78991514,0.6800966,-9.478026,-2.7803705,-1.7152307,53033032220
-2.6819792,-2.4129725,0.79336524,-1.1951535,-0.42985207,-0.83239836,0.82252604,-10.281108,-2.166212,-1.4443142,53033032221
-1.4096248,-2.0088668,-0.8753579,-2.0322387,-0.28636423,-0.9183849,-1.1391388,-13.347207,-3.3767002,-3.8523276,53033032222
-4.077999,-3.7772195,-0.89042467,-1.8383933,-0.27035597,-1.4588416,0.29153493,-11.881966,-3.8045805,-2.7437608,53033032223
-3.1313384,-1.6230937,-0.486208,-0.97476816,0.955656,-1.2489649,0.48798096,-11.689014,-2.5125406,-0.9360707,53033032224
-3.6471157,-3.9563189,-1.0788606,-1.7599988,0.31547397,-1.364952,-0.42373466,-13.661732,-3.0513692,-2.4757988,53033032225
-4.113776,-1.7567095,0.38327745,-0.07672231,0.1520021,-0.5436834,0.00939808,-12.191817,-2.4964306,-0.07698172,53033032307
-2.3053694,-1.5819846,-0.0002522124,-0.7013563,-1.1439428,-1.4150246,0.3330701,-9.456119,-3.238352,-0.28042117,53033032311
-0.9483908,-1.564646,-1.7752185,-1.7960577,-0.74559796,-2.5549474,0.31704125,-7.3019204,-2.8156161,-1.0936074,53033032313
-2.4690742,-2.6202648,0.52546823,-1.1457522,-0.2346379,-1.0984125,0.6257936,-10.712508,-2.8145008,-0.9014833,53033032315
-5.0149784,-4.07906,-0.71267104,-1.5999482,-0.057494234,-2.3401706,1.3536543,-11.920037,-3.241655,-2.8307507,53033032316
-4.4450912,-2.9624546,-0.2537938,-1.4588706,-0.807401,-1.0198609,-0.26426548,-15.061302,-3.5587904,-1.9485564,53033032317
-4.8479147,-4.266203,-1.3206794,-1.8825285,-0.9143228,-1.0128349,0.0044581923,-13.99431,-3.4289339,-1.615291,53033032318
1.055505,-0.49483463,-0.30939853,-1.3107142,-0.23431908,1.2381904,0.7920167,-10.774636,-1.6581438,-1.8496925,53033032319
-3.266271,-2.7958808,-0.5031279,0.86113197,-0.050276525,-1.3760955,0.97230166,-6.0072565,-2.3349,-1.2633152,53033032320
-3.9683087,-2.213634,-0.4075911,-1.2573336,-0.57742536,-1.2232933,0.4374043,-10.146058,-2.1056337,-0.58682716,53033032321
-3.9670293,-1.9016825,0.36159846,-1.3972416,0.85061187,-1.6666479,1.3441011,-11.481864,-1.4720612,-1.1250944,53033032322
-4.164933,-0.077761136,-0.33996227,-1.4606055,-0.7479779,0.25292978,0.17753045,-9.944582,-2.7353995,-1.9365896,53033032323
-2.935984,-0.8066183,-1.7719188,-1.6622509,-0.026960466,-0.7360409,-0.2226992,-5.5801945,-2.9069157,1.4009899,53033032324
-0.08035624,-2.5047204,-3.207972,0.17018737,-0.561286,-1.9752444,1.2789146,-11.209163,-1.0991431,-1.0687021,53033032325
-2.6395457,-2.1881597,-0.2670013,-0.5962361,0.12506898,-0.7543783,2.2930403,-12.5028305,-3.3926187,-0.96665704,53033032326
-0.48850527,-2.6641397,0.6141672,-1.1914899,0.021889215,-2.9259083,1.0610703,-10.709628,-1.9530283,-1.4793568,53033032327
-4.343235,-2.685688,1.0687014,-1.1741797,-0.33670658,-0.5608469,0.7783872,-10.444264,-2.1683066,-0.72403294,53033032328
-1.7294009,-0.33039922,-1.3640052,-1.3941646,-0.89577436,1.1724491,0.16658923,-9.847794,-1.9663886,0.22571468,53033032330
-0.78719765,2.8747222,-2.0042772,-1.5350047,-0.75718725,0.39148828,-0.07924241,-11.101942,-1.9206883,-0.32719964,53033032331
-3.3160188,-0.30718207,-0.18324748,0.37835503,0.34256274,-1.3191024,0.5701648,-10.7976465,-2.2157056,-2.6691892,53033032332
-3.2976947,-0.080345824,-2.6154306,-0.96776485,0.48790812,-1.0534682,1.8003415,-11.418345,-2.343345,-1.6529024,53033032333
-0.57211417,-1.1142229,0.03190652,-1.2963054,-0.23313299,-0.97473943,0.686395,-9.624506,-2.0189884,0.36747244,53033032401
0.4605304,-1.2441972,0.3334459,-1.5357276,1.0988703,-2.009611,0.95895505,-8.89715,-2.2244318,-1.1902541,53033032402
-3.409729,-1.5251807,0.14936191,-1.6349574,0.18603876,-2.1685812,1.0097518,-9.3343,-3.438602,-0.44787318,53033032500
0.22506952,-1.4081372,-3.2056422,-0.034721468,2.5975575,-1.9452809,0.44271916,-11.123122,-2.7705421,-0.68164676,53033032601
-3.8913937,-1.2562824,1.2524519,-1.1536715,0.3409797,-0.89117026,0.8392071,-11.300091,-1.6315043,-0.41056,53033032603
-2.8210127,-1.5130783,-0.61865115,-0.8529279,0.35088727,0.47520545,0.38786992,-10.888649,-2.0385697,-0.34253624,53033032604
-2.207237,-1.5155947,-2.2728012,-1.2451845,0.019803252,2.0002198,0.5086914,-11.602664,-2.2754962,-1.2977854,53033032605
0.4237602,-0.21714757,-4.0741124,-1.8825227,1.2586933,-1.2451959,2.4068096,-11.418059,-2.2648811,-2.3764405,53033032703
0.01535624,-1.1644473,0.66086954,-1.2065856,0.054554794,-0.4558237,1.0485934,-8.220454,-2.3550947,-0.66424984,53033032704
-0.15528816,-1.3334478,0.9101354,-1.0412701,-0.5955236,-0.13161355,0.94345236,-9.410124,-1.3206497,-0.5760384,53033032705
-0.40091538,-4.3492494,4.4380264,-2.443367,1.4140832,-4.2180705,0.02991302,-5.0867147,-3.7319777,-4.100226,53033032706
-1.4192429,-14.607539,4.5176373,-6.85232,2.4290998,-7.931165,-0.5722593,-7.6780214,21.06167,-6.64098,53033032800
